,Date,Home Team,Home Score,Road Team,Road Score,Venue
0,2018-10-17T00:00:00.000Z,BOS,105,PHI,87,TD Garden
1,2018-10-17T02:30:00.000Z,GSW,108,OKL,100,Oracle Arena
2,2018-10-17T23:00:00.000Z,CHA,112,MIL,113,Spectrum Center
3,2018-10-17T23:00:00.000Z,DET,103,BRO,100,Little Caesars Arena
4,2018-10-17T23:00:00.000Z,IND,111,MEM,83,Bankers Life Fieldhouse
5,2018-10-17T23:00:00.000Z,ORL,104,MIA,101,Amway Center
6,2018-10-17T23:30:00.000Z,NYK,126,ATL,107,Madison Square Garden
7,2018-10-17T23:30:00.000Z,TOR,116,CLE,104,Scotiabank Arena
8,2018-10-18T00:00:00.000Z,HOU,112,NOP,131,Toyota Center
9,2018-10-18T00:30:00.000Z,SAS,112,MIN,108,AT&T Center
10,2018-10-18T02:00:00.000Z,SAC,117,UTA,123,Golden 1 Center
11,2018-10-18T02:30:00.000Z,LAC,98,DEN,107,Staples Center
12,2018-10-18T02:30:00.000Z,PHX,121,DAL,100,Talking Stick Resort Arena
13,2018-10-19T00:00:00.000Z,PHI,127,CHI,108,Wells Fargo Center
14,2018-10-19T00:00:00.000Z,WAS,112,MIA,113,Capital One Arena
15,2018-10-19T02:30:00.000Z,POR,128,LAL,119,Moda Center
16,2018-10-19T23:00:00.000Z,ORL,88,CHA,120,Amway Center
17,2018-10-19T23:30:00.000Z,BRO,107,NYK,105,Barclays Center
18,2018-10-20T00:00:00.000Z,TOR,113,BOS,101,Scotiabank Arena
19,2018-10-20T00:00:00.000Z,MEM,131,ATL,117,FedEx Forum
20,2018-10-20T00:00:00.000Z,MIN,131,CLE,123,Target Center
21,2018-10-20T00:00:00.000Z,NOP,149,SAC,129,Smoothie King Center
22,2018-10-20T00:30:00.000Z,MIL,118,IND,101,Fiserv Forum
23,2018-10-20T02:30:00.000Z,UTA,123,GSW,124,Vivint Smart Home Arena
24,2018-10-20T02:30:00.000Z,LAC,108,OKL,92,Staples Center
25,2018-10-20T23:00:00.000Z,IND,132,BRO,112,Bankers Life Fieldhouse
26,2018-10-20T23:00:00.000Z,WAS,113,TOR,117,Capital One Arena
27,2018-10-20T23:30:00.000Z,NYK,101,BOS,103,Madison Square Garden
28,2018-10-20T23:30:00.000Z,PHI,116,ORL,115,Wells Fargo Center
29,2018-10-21T00:00:00.000Z,MIA,112,CHA,113,American Airlines Arena
30,2018-10-21T00:00:00.000Z,CHI,116,DET,118,United Center
31,2018-10-21T00:30:00.000Z,DAL,140,MIN,136,American Airlines Center
32,2018-10-21T01:00:00.000Z,DEN,119,PHX,91,Pepsi Center
33,2018-10-21T02:00:00.000Z,POR,121,SAS,108,Moda Center
34,2018-10-21T02:30:00.000Z,LAL,115,HOU,124,Staples Center
35,2018-10-21T22:00:00.000Z,CLE,111,ATL,133,Quicken Loans Arena
36,2018-10-21T23:00:00.000Z,OKL,120,SAC,131,Chesapeake Energy Arena
37,2018-10-22T00:00:00.000Z,DEN,100,GSW,98,Pepsi Center
38,2018-10-22T01:00:00.000Z,LAC,115,HOU,112,Staples Center
39,2018-10-22T23:30:00.000Z,BOS,90,ORL,93,TD Garden
40,2018-10-22T23:30:00.000Z,TOR,127,CHA,106,Scotiabank Arena
41,2018-10-23T00:00:00.000Z,MIL,124,NYK,113,Fiserv Forum
42,2018-10-23T00:00:00.000Z,MIN,101,IND,91,Target Center
43,2018-10-23T00:30:00.000Z,DAL,115,CHI,109,American Airlines Center
44,2018-10-23T01:00:00.000Z,UTA,84,MEM,92,Vivint Smart Home Arena
45,2018-10-23T02:00:00.000Z,POR,124,WAS,125,Moda Center
46,2018-10-23T02:30:00.000Z,GSW,123,PHX,103,Oracle Arena
47,2018-10-23T02:30:00.000Z,LAL,142,SAS,143,Staples Center
48,2018-10-23T23:00:00.000Z,DET,133,PHI,132,Little Caesars Arena
49,2018-10-24T00:00:00.000Z,NOP,116,LAC,109,Smoothie King Center
50,2018-10-24T01:00:00.000Z,DEN,126,SAC,112,Pepsi Center
51,2018-10-24T23:00:00.000Z,ATL,111,DAL,104,State Farm Arena
52,2018-10-24T23:00:00.000Z,CLE,86,BRO,102,Quicken Loans Arena
53,2018-10-24T23:30:00.000Z,MIA,110,NYK,87,American Airlines Arena
54,2018-10-24T23:30:00.000Z,TOR,112,MIN,105,Scotiabank Arena
55,2018-10-25T00:00:00.000Z,CHI,112,CHA,110,United Center
56,2018-10-25T00:00:00.000Z,HOU,89,UTA,100,Toyota Center
57,2018-10-25T00:30:00.000Z,SAS,96,IND,116,AT&T Center
58,2018-10-25T01:30:00.000Z,MIL,123,PHI,108,Fiserv Forum
59,2018-10-25T02:00:00.000Z,PHX,113,LAL,131,Talking Stick Resort Arena
60,2018-10-25T02:00:00.000Z,SAC,97,MEM,92,Golden 1 Center
61,2018-10-25T02:30:00.000Z,GSW,144,WAS,122,Oracle Arena
62,2018-10-25T23:00:00.000Z,DET,110,CLE,103,Little Caesars Arena
63,2018-10-25T23:00:00.000Z,ORL,114,POR,128,Amway Center
64,2018-10-26T00:00:00.000Z,OKL,95,BOS,101,Chesapeake Energy Arena
65,2018-10-26T02:30:00.000Z,LAL,121,DEN,114,Staples Center
66,2018-10-26T23:00:00.000Z,CHA,135,CHI,106,Spectrum Center
67,2018-10-26T23:30:00.000Z,NYK,100,GSW,128,Madison Square Garden
68,2018-10-26T23:30:00.000Z,TOR,116,DAL,107,Scotiabank Arena
69,2018-10-27T00:00:00.000Z,HOU,113,LAC,133,Toyota Center
70,2018-10-27T00:00:00.000Z,MIN,95,MIL,125,Target Center
71,2018-10-27T00:00:00.000Z,NOP,117,BRO,115,Smoothie King Center
72,2018-10-27T02:00:00.000Z,SAC,116,WAS,112,Golden 1 Center
73,2018-10-27T23:00:00.000Z,DET,89,BOS,109,Little Caesars Arena
74,2018-10-27T23:00:00.000Z,NOP,111,UTA,132,Smoothie King Center
75,2018-10-27T23:30:00.000Z,ATL,85,CHI,97,State Farm Arena
76,2018-10-27T23:30:00.000Z,CLE,107,IND,119,Quicken Loans Arena
77,2018-10-27T23:30:00.000Z,PHI,105,CHA,103,Wells Fargo Center
78,2018-10-28T00:00:00.000Z,MIA,120,POR,111,American Airlines Arena
79,2018-10-28T00:00:00.000Z,MEM,117,PHX,96,FedEx Forum
80,2018-10-28T00:30:00.000Z,MIL,113,ORL,91,Fiserv Forum
81,2018-10-28T00:30:00.000Z,SAS,110,LAL,106,AT&T Center
82,2018-10-28T21:00:00.000Z,BRO,114,GSW,120,Barclays Center
83,2018-10-28T23:00:00.000Z,DAL,104,UTA,113,American Airlines Center
84,2018-10-28T23:00:00.000Z,OKL,117,PHX,110,Chesapeake Energy Arena
85,2018-10-29T01:30:00.000Z,LAC,136,WAS,104,Staples Center
86,2018-10-29T23:00:00.000Z,IND,93,POR,103,Bankers Life Fieldhouse
87,2018-10-29T23:00:00.000Z,PHI,113,ATL,92,Wells Fargo Center
88,2018-10-29T23:30:00.000Z,MIA,113,SAC,123,American Airlines Arena
89,2018-10-29T23:30:00.000Z,NYK,115,BRO,96,Madison Square Garden
90,2018-10-30T00:00:00.000Z,CHI,124,GSW,149,United Center
91,2018-10-30T00:00:00.000Z,MIL,124,TOR,109,Fiserv Forum
92,2018-10-30T00:00:00.000Z,MIN,124,LAL,120,Target Center
93,2018-10-30T00:30:00.000Z,SAS,113,DAL,108,AT&T Center
94,2018-10-30T01:00:00.000Z,DEN,116,NOP,111,Pepsi Center
95,2018-10-30T23:00:00.000Z,CHA,125,MIA,113,Spectrum Center
96,2018-10-30T23:00:00.000Z,CLE,136,ATL,114,Quicken Loans Arena
97,2018-10-30T23:00:00.000Z,ORL,99,SAC,107,Amway Center
98,2018-10-30T23:30:00.000Z,BOS,108,DET,105,TD Garden
99,2018-10-30T23:30:00.000Z,TOR,129,PHI,112,Scotiabank Arena
100,2018-10-31T00:00:00.000Z,HOU,85,POR,104,Toyota Center
101,2018-10-31T00:00:00.000Z,MEM,107,WAS,95,FedEx Forum
102,2018-10-31T00:00:00.000Z,OKL,128,LAC,110,Chesapeake Energy Arena
103,2018-10-31T23:30:00.000Z,BRO,120,DET,119,Barclays Center
104,2018-11-01T00:00:00.000Z,NYK,101,IND,107,Madison Square Garden
105,2018-11-01T00:00:00.000Z,CHI,107,DEN,108,United Center
106,2018-11-01T00:00:00.000Z,MIN,128,UTA,125,Target Center
107,2018-11-01T02:30:00.000Z,GSW,131,NOP,121,Oracle Arena
108,2018-11-01T02:30:00.000Z,LAL,114,DAL,113,Staples Center
109,2018-11-01T02:30:00.000Z,PHX,90,SAS,120,Talking Stick Resort Arena
110,2018-11-01T23:00:00.000Z,CHA,107,OKL,111,Spectrum Center
111,2018-11-01T23:00:00.000Z,CLE,91,DEN,110,Quicken Loans Arena
112,2018-11-01T23:00:00.000Z,PHI,122,LAC,113,Wells Fargo Center
113,2018-11-01T23:30:00.000Z,ATL,115,SAC,146,State Farm Arena
114,2018-11-02T00:00:00.000Z,BOS,117,MIL,113,TD Garden
115,2018-11-02T02:30:00.000Z,POR,132,NOP,119,Moda Center
116,2018-11-02T23:00:00.000Z,ORL,95,LAC,120,Amway Center
117,2018-11-02T23:30:00.000Z,BRO,111,HOU,119,Barclays Center
118,2018-11-03T00:00:00.000Z,WAS,111,OKL,134,Capital One Arena
119,2018-11-03T00:00:00.000Z,CHI,105,IND,107,United Center
120,2018-11-03T00:30:00.000Z,DAL,106,NYK,118,American Airlines Center
121,2018-11-03T01:00:00.000Z,UTA,100,MEM,110,Vivint Smart Home Arena
122,2018-11-03T02:00:00.000Z,PHX,98,TOR,107,Talking Stick Resort Arena
123,2018-11-03T02:30:00.000Z,GSW,116,MIN,99,Oracle Arena
124,2018-11-03T17:00:00.000Z,PHI,109,DET,99,Wells Fargo Center
125,2018-11-03T23:00:00.000Z,CHA,126,CLE,94,Spectrum Center
126,2018-11-03T23:00:00.000Z,IND,102,BOS,101,Bankers Life Fieldhouse
127,2018-11-03T23:30:00.000Z,ATL,123,MIA,118,State Farm Arena
128,2018-11-04T00:00:00.000Z,CHI,88,HOU,96,United Center
129,2018-11-04T00:30:00.000Z,SAS,109,NOP,95,AT&T Center
130,2018-11-04T01:00:00.000Z,DEN,103,UTA,88,Pepsi Center
131,2018-11-04T02:00:00.000Z,POR,110,LAL,114,Moda Center
132,2018-11-04T20:30:00.000Z,MIL,144,SAC,109,Fiserv Forum
133,2018-11-04T23:00:00.000Z,BRO,122,PHI,97,Barclays Center
134,2018-11-04T23:00:00.000Z,WAS,108,NYK,95,Capital One Arena
135,2018-11-05T00:00:00.000Z,SAS,110,ORL,117,AT&T Center
136,2018-11-05T01:00:00.000Z,PHX,102,MEM,100,Talking Stick Resort Arena
137,2018-11-05T02:00:00.000Z,POR,111,MIN,81,Moda Center
138,2018-11-05T02:30:00.000Z,LAL,107,TOR,121,Staples Center
139,2018-11-06T00:00:00.000Z,DET,115,MIA,120,Little Caesars Arena
140,2018-11-06T00:00:00.000Z,IND,94,HOU,98,Bankers Life Fieldhouse
141,2018-11-06T00:00:00.000Z,ORL,102,CLE,100,Amway Center
142,2018-11-06T00:30:00.000Z,NYK,115,CHI,116,Madison Square Garden
143,2018-11-06T01:00:00.000Z,OKL,122,NOP,116,Chesapeake Energy Arena
144,2018-11-06T02:00:00.000Z,DEN,115,BOS,107,Pepsi Center
145,2018-11-06T02:00:00.000Z,UTA,111,TOR,124,Vivint Smart Home Arena
146,2018-11-06T03:30:00.000Z,GSW,117,MEM,101,Oracle Arena
147,2018-11-06T03:30:00.000Z,LAC,120,MIN,109,Staples Center
148,2018-11-07T00:00:00.000Z,CHA,113,ATL,102,Spectrum Center
149,2018-11-07T01:30:00.000Z,DAL,119,WAS,100,American Airlines Center
150,2018-11-07T02:00:00.000Z,PHX,82,BRO,104,Talking Stick Resort Arena
151,2018-11-07T03:00:00.000Z,POR,118,MIL,103,Moda Center
152,2018-11-08T00:00:00.000Z,CLE,86,OKL,95,Quicken Loans Arena
153,2018-11-08T00:00:00.000Z,ORL,96,DET,103,Amway Center
154,2018-11-08T00:30:00.000Z,ATL,107,NYK,112,State Farm Arena
155,2018-11-08T00:30:00.000Z,MIA,95,SAS,88,American Airlines Arena
156,2018-11-08T01:00:00.000Z,IND,94,PHI,100,Bankers Life Fieldhouse
157,2018-11-08T01:00:00.000Z,MEM,89,DEN,87,FedEx Forum
158,2018-11-08T01:00:00.000Z,NOP,107,CHI,98,Smoothie King Center
159,2018-11-08T02:00:00.000Z,UTA,117,DAL,102,Vivint Smart Home Arena
160,2018-11-08T03:00:00.000Z,SAC,105,TOR,114,Golden 1 Center
161,2018-11-08T03:30:00.000Z,LAL,114,MIN,110,Staples Center
162,2018-11-09T01:00:00.000Z,OKL,98,HOU,80,Chesapeake Energy Arena
163,2018-11-09T02:00:00.000Z,PHX,109,BOS,116,Talking Stick Resort Arena
164,2018-11-09T03:00:00.000Z,POR,116,LAC,105,Moda Center
165,2018-11-09T03:30:00.000Z,GSW,111,MIL,134,Oracle Arena
166,2018-11-10T00:00:00.000Z,ORL,117,WAS,108,Amway Center
167,2018-11-10T00:00:00.000Z,PHI,133,CHA,132,Wells Fargo Center
168,2018-11-10T00:30:00.000Z,ATL,109,DET,124,State Farm Arena
169,2018-11-10T01:00:00.000Z,MIA,102,IND,110,American Airlines Arena
170,2018-11-10T02:00:00.000Z,DEN,110,BRO,112,Pepsi Center
171,2018-11-10T02:30:00.000Z,UTA,123,BOS,115,Vivint Smart Home Arena
172,2018-11-10T03:00:00.000Z,SAC,121,MIN,110,Golden 1 Center
173,2018-11-10T20:00:00.000Z,TOR,128,NYK,112,Scotiabank Arena
174,2018-11-10T20:30:00.000Z,LAC,128,MIL,126,Staples Center
175,2018-11-11T00:00:00.000Z,NOP,119,PHX,99,Smoothie King Center
176,2018-11-11T01:00:00.000Z,MIA,110,WAS,116,American Airlines Arena
177,2018-11-11T01:00:00.000Z,CHI,99,CLE,98,United Center
178,2018-11-11T01:00:00.000Z,MEM,112,PHI,106,FedEx Forum
179,2018-11-11T01:30:00.000Z,SAS,96,HOU,89,AT&T Center
180,2018-11-11T01:30:00.000Z,GSW,116,BRO,100,Oracle Arena
181,2018-11-11T02:00:00.000Z,DAL,111,OKL,96,American Airlines Center
182,2018-11-11T03:00:00.000Z,SAC,86,LAL,101,Golden 1 Center
183,2018-11-11T20:30:00.000Z,DET,103,CHA,113,Little Caesars Arena
184,2018-11-12T00:00:00.000Z,HOU,115,IND,103,Toyota Center
185,2018-11-12T00:30:00.000Z,NYK,89,ORL,115,Madison Square Garden
186,2018-11-12T01:00:00.000Z,DEN,114,MIL,121,Pepsi Center
187,2018-11-12T02:00:00.000Z,POR,100,BOS,94,Moda Center
188,2018-11-12T02:30:00.000Z,LAL,107,ATL,106,Staples Center
189,2018-11-13T00:00:00.000Z,WAS,117,ORL,109,Capital One Arena
190,2018-11-13T00:30:00.000Z,MIA,114,PHI,124,American Airlines Arena
191,2018-11-13T00:30:00.000Z,TOR,110,NOP,126,Scotiabank Arena
192,2018-11-13T01:00:00.000Z,CHI,98,DAL,103,United Center
193,2018-11-13T01:00:00.000Z,MEM,88,UTA,96,FedEx Forum
194,2018-11-13T01:00:00.000Z,MIN,120,BRO,113,Target Center
195,2018-11-13T01:00:00.000Z,OKL,118,PHX,101,Chesapeake Energy Arena
196,2018-11-13T03:00:00.000Z,SAC,104,SAS,99,Golden 1 Center
197,2018-11-13T03:30:00.000Z,LAC,121,GSW,116,Staples Center
198,2018-11-14T00:00:00.000Z,CLE,113,CHA,89,Quicken Loans Arena
199,2018-11-14T02:00:00.000Z,DEN,99,HOU,109,Pepsi Center
200,2018-11-14T03:30:00.000Z,GSW,110,ATL,103,Oracle Arena
201,2018-11-15T00:00:00.000Z,ORL,111,PHI,106,Amway Center
202,2018-11-15T00:00:00.000Z,WAS,119,CLE,95,Capital One Arena
203,2018-11-15T00:30:00.000Z,BOS,111,CHI,82,TD Garden
204,2018-11-15T00:30:00.000Z,BRO,107,MIA,120,Barclays Center
205,2018-11-15T00:30:00.000Z,TOR,104,DET,106,Scotiabank Arena
206,2018-11-15T01:00:00.000Z,MIL,113,MEM,116,Fiserv Forum
207,2018-11-15T01:00:00.000Z,MIN,107,NOP,100,Target Center
208,2018-11-15T01:00:00.000Z,OKL,128,NYK,103,Chesapeake Energy Arena
209,2018-11-15T01:30:00.000Z,DAL,118,UTA,68,American Airlines Center
210,2018-11-15T02:00:00.000Z,PHX,116,SAS,96,Talking Stick Resort Arena
211,2018-11-15T03:30:00.000Z,LAL,126,POR,117,Staples Center
212,2018-11-16T01:00:00.000Z,HOU,107,GSW,86,Toyota Center
213,2018-11-16T02:00:00.000Z,DEN,138,ATL,93,Pepsi Center
214,2018-11-16T03:30:00.000Z,LAC,116,SAS,111,Staples Center
215,2018-11-17T00:00:00.000Z,BOS,123,TOR,116,TD Garden
216,2018-11-17T00:00:00.000Z,IND,99,MIA,91,Bankers Life Fieldhouse
217,2018-11-17T00:00:00.000Z,PHI,113,UTA,107,Wells Fargo Center
218,2018-11-17T00:00:00.000Z,WAS,104,BRO,115,Capital One Arena
219,2018-11-17T01:00:00.000Z,MEM,112,SAC,104,FedEx Forum
220,2018-11-17T01:00:00.000Z,MIN,112,POR,96,Target Center
221,2018-11-17T01:00:00.000Z,NOP,129,NYK,124,Smoothie King Center
222,2018-11-17T02:30:00.000Z,MIL,123,CHI,104,Fiserv Forum
223,2018-11-17T23:00:00.000Z,BRO,119,LAC,127,Barclays Center
224,2018-11-18T00:00:00.000Z,CHA,119,PHI,122,Spectrum Center
225,2018-11-18T00:00:00.000Z,IND,97,ATL,89,Bankers Life Fieldhouse
226,2018-11-18T00:00:00.000Z,ORL,130,LAL,117,Amway Center
227,2018-11-18T00:00:00.000Z,NOP,125,DEN,115,Smoothie King Center
228,2018-11-18T00:30:00.000Z,BOS,86,UTA,98,TD Garden
229,2018-11-18T01:00:00.000Z,CHI,83,TOR,122,United Center
230,2018-11-18T01:00:00.000Z,HOU,132,SAC,112,Toyota Center
231,2018-11-18T01:30:00.000Z,DAL,112,GSW,109,American Airlines Center
232,2018-11-18T02:00:00.000Z,PHX,100,OKL,110,Talking Stick Resort Arena
233,2018-11-18T20:30:00.000Z,MIN,87,MEM,100,Target Center
234,2018-11-18T23:00:00.000Z,MIA,97,LAL,113,American Airlines Arena
235,2018-11-18T23:00:00.000Z,ORL,131,NYK,117,Amway Center
236,2018-11-18T23:00:00.000Z,WAS,109,POR,119,Capital One Arena
237,2018-11-19T00:00:00.000Z,SAS,104,GSW,92,AT&T Center
238,2018-11-20T00:00:00.000Z,CHA,117,BOS,112,Spectrum Center
239,2018-11-20T00:00:00.000Z,DET,113,CLE,102,Little Caesars Arena
240,2018-11-20T00:00:00.000Z,IND,121,UTA,94,Bankers Life Fieldhouse
241,2018-11-20T00:00:00.000Z,PHI,119,PHX,114,Wells Fargo Center
242,2018-11-20T00:30:00.000Z,ATL,119,LAC,127,State Farm Arena
243,2018-11-20T01:00:00.000Z,MEM,98,DAL,88,FedEx Forum
244,2018-11-20T01:00:00.000Z,MIL,104,DEN,98,Fiserv Forum
245,2018-11-20T01:00:00.000Z,NOP,140,SAS,126,Smoothie King Center
246,2018-11-20T03:00:00.000Z,SAC,117,OKL,113,Golden 1 Center
247,2018-11-21T00:00:00.000Z,ORL,91,TOR,93,Amway Center
248,2018-11-21T00:00:00.000Z,WAS,125,LAC,118,Capital One Arena
249,2018-11-21T00:30:00.000Z,MIA,92,BRO,104,American Airlines Arena
250,2018-11-21T00:30:00.000Z,NYK,114,POR,118,Madison Square Garden
251,2018-11-22T00:00:00.000Z,CHA,127,IND,109,Spectrum Center
252,2018-11-22T00:00:00.000Z,PHI,121,NOP,120,Wells Fargo Center
253,2018-11-22T00:30:00.000Z,ATL,108,TOR,124,State Farm Arena
254,2018-11-22T00:30:00.000Z,BOS,109,NYK,117,TD Garden
255,2018-11-22T01:00:00.000Z,CLE,105,LAL,109,Quicken Loans Arena
256,2018-11-22T01:00:00.000Z,CHI,124,PHX,116,United Center
257,2018-11-22T01:00:00.000Z,HOU,126,DET,124,Toyota Center
258,2018-11-22T01:00:00.000Z,MIL,143,POR,100,Fiserv Forum
259,2018-11-22T01:00:00.000Z,MIN,101,DEN,103,Target Center
260,2018-11-22T01:30:00.000Z,DAL,119,BRO,113,American Airlines Center
261,2018-11-22T01:30:00.000Z,SAS,103,MEM,104,AT&T Center
262,2018-11-22T02:00:00.000Z,UTA,110,SAC,119,Vivint Smart Home Arena
263,2018-11-22T03:30:00.000Z,GSW,95,OKL,123,Oracle Arena
264,2018-11-23T17:00:00.000Z,BRO,102,MIN,112,Barclays Center
265,2018-11-23T20:30:00.000Z,LAC,112,MEM,107,Staples Center
266,2018-11-24T00:00:00.000Z,DET,116,HOU,111,Little Caesars Arena
267,2018-11-24T00:30:00.000Z,ATL,96,BOS,114,State Farm Arena
268,2018-11-24T00:30:00.000Z,NYK,114,NOP,109,Madison Square Garden
269,2018-11-24T00:30:00.000Z,PHI,112,CLE,121,Wells Fargo Center
270,2018-11-24T00:30:00.000Z,TOR,125,WAS,107,Scotiabank Arena
271,2018-11-24T01:00:00.000Z,IND,100,SAS,111,Bankers Life Fieldhouse
272,2018-11-24T01:00:00.000Z,CHI,96,MIA,103,United Center
273,2018-11-24T01:00:00.000Z,OKL,109,CHA,104,Chesapeake Energy Arena
274,2018-11-24T01:30:00.000Z,MIL,114,PHX,116,Fiserv Forum
275,2018-11-24T02:00:00.000Z,DEN,112,ORL,87,Pepsi Center
276,2018-11-24T03:30:00.000Z,GSW,125,POR,97,Oracle Arena
277,2018-11-24T03:30:00.000Z,LAL,90,UTA,83,Staples Center
278,2018-11-25T00:30:00.000Z,CLE,117,HOU,108,Quicken Loans Arena
279,2018-11-25T01:00:00.000Z,WAS,124,NOP,114,Capital One Arena
280,2018-11-25T01:00:00.000Z,MIN,111,CHI,96,Target Center
281,2018-11-25T01:00:00.000Z,OKL,98,DEN,105,Chesapeake Energy Arena
282,2018-11-25T01:30:00.000Z,DAL,113,BOS,104,American Airlines Center
283,2018-11-25T01:30:00.000Z,MIL,135,SAS,129,Fiserv Forum
284,2018-11-25T01:30:00.000Z,GSW,117,SAC,116,Oracle Arena
285,2018-11-25T20:30:00.000Z,LAL,104,ORL,108,Staples Center
286,2018-11-25T21:00:00.000Z,DET,118,PHX,107,Little Caesars Arena
287,2018-11-25T23:00:00.000Z,ATL,124,CHA,123,State Farm Arena
288,2018-11-25T23:00:00.000Z,BRO,125,PHI,127,Barclays Center
289,2018-11-25T23:00:00.000Z,TOR,125,MIA,115,Scotiabank Arena
290,2018-11-25T23:00:00.000Z,MEM,98,NYK,103,FedEx Forum
291,2018-11-26T01:00:00.000Z,SAC,112,UTA,133,Golden 1 Center
292,2018-11-26T02:00:00.000Z,POR,100,LAC,104,Moda Center
293,2018-11-27T00:00:00.000Z,CHA,110,MIL,107,Spectrum Center
294,2018-11-27T00:00:00.000Z,CLE,95,MIN,102,Quicken Loans Arena
295,2018-11-27T00:00:00.000Z,WAS,135,HOU,131,Capital One Arena
296,2018-11-27T01:00:00.000Z,CHI,107,SAS,108,United Center
297,2018-11-27T01:00:00.000Z,NOP,107,BOS,124,Smoothie King Center
298,2018-11-27T02:00:00.000Z,UTA,88,IND,121,Vivint Smart Home Arena
299,2018-11-27T03:30:00.000Z,GSW,116,ORL,110,Oracle Arena
300,2018-11-28T00:00:00.000Z,DET,115,NYK,108,Little Caesars Arena
301,2018-11-28T00:30:00.000Z,MIA,113,ATL,115,American Airlines Arena
302,2018-11-28T01:00:00.000Z,MEM,114,TOR,122,FedEx Forum
303,2018-11-28T02:00:00.000Z,DEN,117,LAL,85,Pepsi Center
304,2018-11-28T02:00:00.000Z,PHX,104,IND,109,Talking Stick Resort Arena
305,2018-11-29T00:00:00.000Z,CHA,108,ATL,94,Spectrum Center
306,2018-11-29T00:00:00.000Z,PHI,117,NYK,91,Wells Fargo Center
307,2018-11-29T00:30:00.000Z,BRO,91,UTA,101,Barclays Center
308,2018-11-29T01:00:00.000Z,HOU,108,DAL,128,Toyota Center
309,2018-11-29T01:00:00.000Z,MIL,116,CHI,113,Fiserv Forum
310,2018-11-29T01:00:00.000Z,MIN,128,SAS,89,Target Center
311,2018-11-29T01:00:00.000Z,NOP,125,WAS,104,Smoothie King Center
312,2018-11-29T01:00:00.000Z,OKL,100,CLE,83,Chesapeake Energy Arena
313,2018-11-29T03:00:00.000Z,POR,115,ORL,112,Moda Center
314,2018-11-29T03:30:00.000Z,LAC,115,PHX,99,Staples Center
315,2018-11-30T01:00:00.000Z,TOR,131,GSW,128,Scotiabank Arena
316,2018-11-30T03:30:00.000Z,LAL,104,IND,96,Staples Center
317,2018-11-30T03:30:00.000Z,SAC,121,LAC,133,Golden 1 Center
318,2018-12-01T00:00:00.000Z,BOS,128,CLE,95,TD Garden
319,2018-12-01T00:00:00.000Z,CHA,111,UTA,119,Spectrum Center
320,2018-12-01T00:00:00.000Z,DET,107,CHI,88,Little Caesars Arena
321,2018-12-01T00:00:00.000Z,PHI,123,WAS,98,Wells Fargo Center
322,2018-12-01T00:30:00.000Z,BRO,125,MEM,131,Barclays Center
323,2018-12-01T01:00:00.000Z,MIA,106,NOP,101,American Airlines Arena
324,2018-12-01T01:00:00.000Z,OKL,124,ATL,109,Chesapeake Energy Arena
325,2018-12-01T01:00:00.000Z,SAS,105,HOU,136,AT&T Center
326,2018-12-01T02:00:00.000Z,PHX,85,ORL,99,Talking Stick Resort Arena
327,2018-12-01T03:30:00.000Z,LAL,114,DAL,103,Staples Center
328,2018-12-01T03:30:00.000Z,POR,112,DEN,113,Moda Center
329,2018-12-01T22:00:00.000Z,NYK,136,MIL,134,Madison Square Garden
330,2018-12-02T00:00:00.000Z,DET,111,GSW,102,Little Caesars Arena
331,2018-12-02T00:00:00.000Z,WAS,102,BRO,88,Capital One Arena
332,2018-12-02T01:00:00.000Z,CLE,95,TOR,106,Quicken Loans Arena
333,2018-12-02T01:00:00.000Z,HOU,121,CHI,105,Toyota Center
334,2018-12-02T01:00:00.000Z,MIN,109,BOS,118,Target Center
335,2018-12-02T03:00:00.000Z,SAC,111,IND,110,Golden 1 Center
336,2018-12-02T20:30:00.000Z,LAL,120,PHX,96,Staples Center
337,2018-12-02T22:00:00.000Z,CHA,109,NOP,119,Spectrum Center
338,2018-12-02T23:00:00.000Z,MIA,102,UTA,100,American Airlines Arena
339,2018-12-02T23:00:00.000Z,PHI,103,MEM,95,Wells Fargo Center
340,2018-12-03T00:00:00.000Z,DAL,114,LAC,110,American Airlines Center
341,2018-12-03T00:00:00.000Z,SAS,131,POR,118,AT&T Center
342,2018-12-04T00:00:00.000Z,DET,83,OKL,110,Little Caesars Arena
343,2018-12-04T00:30:00.000Z,ATL,111,GSW,128,State Farm Arena
344,2018-12-04T00:30:00.000Z,BRO,97,CLE,99,Barclays Center
345,2018-12-04T00:30:00.000Z,NYK,107,WAS,110,Madison Square Garden
346,2018-12-04T00:30:00.000Z,TOR,103,DEN,106,Scotiabank Arena
347,2018-12-04T01:00:00.000Z,MIN,103,HOU,91,Target Center
348,2018-12-04T01:00:00.000Z,NOP,126,LAC,129,Smoothie King Center
349,2018-12-05T00:00:00.000Z,IND,96,CHI,90,Bankers Life Fieldhouse
350,2018-12-05T00:30:00.000Z,MIA,90,ORL,105,American Airlines Arena
351,2018-12-05T01:30:00.000Z,DAL,111,POR,102,American Airlines Center
352,2018-12-05T02:00:00.000Z,PHX,105,SAC,122,Talking Stick Resort Arena
353,2018-12-05T02:00:00.000Z,UTA,139,SAS,105,Vivint Smart Home Arena
354,2018-12-06T00:00:00.000Z,CLE,105,GSW,129,Quicken Loans Arena
355,2018-12-06T00:00:00.000Z,ORL,118,DEN,124,Amway Center
356,2018-12-06T00:30:00.000Z,ATL,117,WAS,131,State Farm Arena
357,2018-12-06T00:30:00.000Z,BRO,112,OKL,114,Barclays Center
358,2018-12-06T01:00:00.000Z,TOR,113,PHI,102,Scotiabank Arena
359,2018-12-06T01:00:00.000Z,MEM,96,LAC,86,FedEx Forum
360,2018-12-06T01:00:00.000Z,MIL,115,DET,92,Fiserv Forum
361,2018-12-06T01:00:00.000Z,MIN,121,CHA,104,Target Center
362,2018-12-06T01:00:00.000Z,NOP,132,DAL,106,Smoothie King Center
363,2018-12-06T03:30:00.000Z,LAL,121,SAS,113,Staples Center
364,2018-12-07T01:00:00.000Z,BOS,128,NYK,100,TD Garden
365,2018-12-07T03:00:00.000Z,POR,108,PHX,86,Moda Center
366,2018-12-07T03:30:00.000Z,UTA,118,HOU,91,Vivint Smart Home Arena
367,2018-12-08T00:00:00.000Z,CHA,113,DEN,107,Spectrum Center
368,2018-12-08T00:00:00.000Z,DET,111,PHI,117,Little Caesars Arena
369,2018-12-08T00:00:00.000Z,ORL,90,IND,112,Amway Center
370,2018-12-08T00:30:00.000Z,BRO,106,TOR,105,Barclays Center
371,2018-12-08T00:30:00.000Z,CLE,110,SAC,129,Quicken Loans Arena
372,2018-12-08T01:00:00.000Z,CHI,114,OKL,112,United Center
373,2018-12-08T01:00:00.000Z,NOP,103,MEM,107,Smoothie King Center
374,2018-12-08T01:30:00.000Z,SAS,133,LAL,120,AT&T Center
375,2018-12-08T02:00:00.000Z,PHX,98,MIA,115,Talking Stick Resort Arena
376,2018-12-08T02:30:00.000Z,MIL,95,GSW,105,Fiserv Forum
377,2018-12-08T23:00:00.000Z,DAL,107,HOU,104,American Airlines Center
378,2018-12-09T00:00:00.000Z,IND,107,SAC,97,Bankers Life Fieldhouse
379,2018-12-09T00:30:00.000Z,ATL,106,DEN,98,State Farm Arena
380,2018-12-09T00:30:00.000Z,CLE,116,WAS,101,Quicken Loans Arena
381,2018-12-09T00:30:00.000Z,NYK,104,BRO,112,Madison Square Garden
382,2018-12-09T01:00:00.000Z,CHI,77,BOS,133,United Center
383,2018-12-09T01:00:00.000Z,MEM,88,LAL,111,FedEx Forum
384,2018-12-09T03:00:00.000Z,POR,113,MIN,105,Moda Center
385,2018-12-09T03:30:00.000Z,LAC,98,MIA,121,Staples Center
386,2018-12-09T20:30:00.000Z,DET,108,NOP,116,Little Caesars Arena
387,2018-12-09T23:00:00.000Z,TOR,99,MIL,104,Scotiabank Arena
388,2018-12-10T00:00:00.000Z,SAS,110,UTA,97,AT&T Center
389,2018-12-10T00:30:00.000Z,NYK,107,CHA,119,Madison Square Garden
390,2018-12-11T00:00:00.000Z,IND,109,WAS,101,Bankers Life Fieldhouse
391,2018-12-11T00:00:00.000Z,PHI,116,DET,102,Wells Fargo Center
392,2018-12-11T00:30:00.000Z,BOS,113,NOP,100,TD Garden
393,2018-12-11T01:00:00.000Z,CHI,89,SAC,108,United Center
394,2018-12-11T01:00:00.000Z,MIL,108,CLE,92,Fiserv Forum
395,2018-12-11T01:00:00.000Z,OKL,122,UTA,113,Chesapeake Energy Arena
396,2018-12-11T01:30:00.000Z,DAL,101,ORL,76,American Airlines Center
397,2018-12-11T02:00:00.000Z,DEN,105,MEM,99,Pepsi Center
398,2018-12-11T02:00:00.000Z,PHX,119,LAC,123,Talking Stick Resort Arena
399,2018-12-11T03:30:00.000Z,GSW,116,MIN,108,Oracle Arena
400,2018-12-11T03:30:00.000Z,LAL,108,MIA,105,Staples Center
401,2018-12-12T01:00:00.000Z,HOU,111,POR,104,Toyota Center
402,2018-12-12T01:30:00.000Z,SAS,111,PHX,86,AT&T Center
403,2018-12-12T03:30:00.000Z,LAC,99,TOR,123,Staples Center
404,2018-12-13T00:00:00.000Z,CHA,108,DET,107,Spectrum Center
405,2018-12-13T00:00:00.000Z,CLE,113,NYK,106,Quicken Loans Arena
406,2018-12-13T00:00:00.000Z,IND,113,MIL,97,Bankers Life Fieldhouse
407,2018-12-13T00:00:00.000Z,PHI,124,BRO,127,Wells Fargo Center
408,2018-12-13T00:00:00.000Z,WAS,125,BOS,130,Capital One Arena
409,2018-12-13T01:00:00.000Z,MEM,92,POR,83,FedEx Forum
410,2018-12-13T01:00:00.000Z,NOP,118,OKL,114,Smoothie King Center
411,2018-12-13T01:30:00.000Z,DAL,114,ATL,107,American Airlines Center
412,2018-12-13T02:00:00.000Z,UTA,111,MIA,84,Vivint Smart Home Arena
413,2018-12-13T03:00:00.000Z,SAC,141,MIN,130,Golden 1 Center
414,2018-12-13T03:30:00.000Z,GSW,93,TOR,113,Oracle Arena
415,2018-12-14T01:00:00.000Z,HOU,126,LAL,111,Toyota Center
416,2018-12-14T01:30:00.000Z,SAS,125,LAC,87,AT&T Center
417,2018-12-14T02:30:00.000Z,ORL,97,CHI,91,Amway Center
418,2018-12-14T03:30:00.000Z,PHX,99,DAL,89,Talking Stick Resort Arena
419,2018-12-15T00:00:00.000Z,BOS,129,ATL,108,TD Garden
420,2018-12-15T00:00:00.000Z,CHA,124,NYK,126,Spectrum Center
421,2018-12-15T00:30:00.000Z,BRO,125,WAS,118,Barclays Center
422,2018-12-15T00:30:00.000Z,CLE,102,MIL,114,Quicken Loans Arena
423,2018-12-15T00:30:00.000Z,PHI,101,IND,113,Wells Fargo Center
424,2018-12-15T01:00:00.000Z,MEM,97,MIA,100,FedEx Forum
425,2018-12-15T03:00:00.000Z,DEN,109,OKL,98,Pepsi Center
426,2018-12-15T03:00:00.000Z,POR,128,TOR,122,Moda Center
427,2018-12-15T03:00:00.000Z,SAC,125,GSW,130,Golden 1 Center
428,2018-12-15T22:00:00.000Z,ORL,96,UTA,89,Amway Center
429,2018-12-16T00:00:00.000Z,CHA,100,LAL,128,Spectrum Center
430,2018-12-16T00:00:00.000Z,DET,113,BOS,104,Little Caesars Arena
431,2018-12-16T01:00:00.000Z,MEM,97,HOU,105,FedEx Forum
432,2018-12-16T01:30:00.000Z,SAS,93,CHI,98,AT&T Center
433,2018-12-16T02:00:00.000Z,OKL,110,LAC,104,Chesapeake Energy Arena
434,2018-12-16T02:00:00.000Z,PHX,107,MIN,99,Talking Stick Resort Arena
435,2018-12-16T20:00:00.000Z,BRO,144,ATL,127,Barclays Center
436,2018-12-16T20:30:00.000Z,CLE,105,PHI,128,Quicken Loans Arena
437,2018-12-16T22:00:00.000Z,IND,110,NYK,99,Bankers Life Fieldhouse
438,2018-12-16T23:00:00.000Z,WAS,128,LAL,110,Capital One Arena
439,2018-12-17T00:00:00.000Z,DAL,113,SAC,120,American Airlines Center
440,2018-12-17T00:00:00.000Z,NOP,96,MIA,102,Smoothie King Center
441,2018-12-17T01:00:00.000Z,DEN,95,TOR,86,Pepsi Center
442,2018-12-18T00:00:00.000Z,DET,104,MIL,107,Little Caesars Arena
443,2018-12-18T00:30:00.000Z,NYK,110,PHX,128,Madison Square Garden
444,2018-12-18T01:00:00.000Z,HOU,102,UTA,97,Toyota Center
445,2018-12-18T01:00:00.000Z,MIN,132,SAC,105,Target Center
446,2018-12-18T01:00:00.000Z,OKL,121,CHI,96,Chesapeake Energy Arena
447,2018-12-18T01:30:00.000Z,SAS,123,PHI,96,AT&T Center
448,2018-12-18T03:30:00.000Z,GSW,110,MEM,93,Oracle Arena
449,2018-12-18T03:30:00.000Z,LAC,127,POR,131,Staples Center
450,2018-12-19T00:00:00.000Z,IND,91,CLE,92,Bankers Life Fieldhouse
451,2018-12-19T00:30:00.000Z,ATL,118,WAS,110,State Farm Arena
452,2018-12-19T00:30:00.000Z,BRO,115,LAL,110,Barclays Center
453,2018-12-19T02:00:00.000Z,DEN,126,DAL,118,Pepsi Center
454,2018-12-20T00:00:00.000Z,CHA,110,CLE,99,Spectrum Center
455,2018-12-20T00:00:00.000Z,ORL,90,SAS,129,Amway Center
456,2018-12-20T00:00:00.000Z,PHI,131,NYK,109,Wells Fargo Center
457,2018-12-20T00:30:00.000Z,BOS,103,PHX,111,TD Garden
458,2018-12-20T00:30:00.000Z,TOR,99,IND,96,Scotiabank Arena
459,2018-12-20T01:00:00.000Z,CHI,93,BRO,96,United Center
460,2018-12-20T01:00:00.000Z,HOU,136,WAS,118,Toyota Center
461,2018-12-20T01:00:00.000Z,MIL,123,NOP,115,Fiserv Forum
462,2018-12-20T01:00:00.000Z,MIN,123,DET,129,Target Center
463,2018-12-20T02:00:00.000Z,UTA,108,GSW,103,Vivint Smart Home Arena
464,2018-12-20T03:00:00.000Z,POR,99,MEM,92,Moda Center
465,2018-12-20T03:00:00.000Z,SAC,113,OKL,132,Golden 1 Center
466,2018-12-21T01:00:00.000Z,MIA,101,HOU,99,American Airlines Arena
467,2018-12-21T03:30:00.000Z,LAC,125,DAL,121,Staples Center
468,2018-12-22T00:00:00.000Z,CHA,98,DET,86,Spectrum Center
469,2018-12-22T00:00:00.000Z,TOR,126,CLE,110,Scotiabank Arena
470,2018-12-22T00:30:00.000Z,BRO,106,IND,114,Barclays Center
471,2018-12-22T00:30:00.000Z,NYK,107,ATL,114,Madison Square Garden
472,2018-12-22T01:00:00.000Z,BOS,107,MIL,120,TD Garden
473,2018-12-22T01:00:00.000Z,CHI,90,ORL,80,United Center
474,2018-12-22T01:30:00.000Z,SAS,124,MIN,98,AT&T Center
475,2018-12-22T03:00:00.000Z,POR,90,UTA,120,Moda Center
476,2018-12-22T03:00:00.000Z,SAC,102,MEM,99,Golden 1 Center
477,2018-12-22T03:30:00.000Z,LAL,112,NOP,104,Staples Center
478,2018-12-22T22:00:00.000Z,LAC,132,DEN,111,Staples Center
479,2018-12-23T00:00:00.000Z,WAS,149,PHX,146,Capital One Arena
480,2018-12-23T00:30:00.000Z,PHI,126,TOR,101,Wells Fargo Center
481,2018-12-23T01:00:00.000Z,MIA,94,MIL,87,American Airlines Arena
482,2018-12-23T01:00:00.000Z,HOU,108,SAS,101,Toyota Center
483,2018-12-23T01:30:00.000Z,GSW,120,DAL,116,Oracle Arena
484,2018-12-23T02:00:00.000Z,UTA,106,OKL,107,Vivint Smart Home Arena
485,2018-12-23T21:00:00.000Z,DET,95,ATL,98,Little Caesars Arena
486,2018-12-23T22:00:00.000Z,IND,105,WAS,89,Bankers Life Fieldhouse
487,2018-12-23T23:00:00.000Z,BOS,119,CHA,103,TD Garden
488,2018-12-23T23:00:00.000Z,BRO,111,PHX,103,Barclays Center
489,2018-12-23T23:00:00.000Z,CLE,92,CHI,112,Quicken Loans Arena
490,2018-12-23T23:00:00.000Z,ORL,91,MIA,115,Amway Center
491,2018-12-23T23:00:00.000Z,SAC,122,NOP,117,Golden 1 Center
492,2018-12-24T01:00:00.000Z,OKL,112,MIN,114,Chesapeake Energy Arena
493,2018-12-24T01:30:00.000Z,GSW,129,LAC,127,Oracle Arena
494,2018-12-24T02:00:00.000Z,POR,121,DAL,118,Moda Center
495,2018-12-24T02:30:00.000Z,LAL,99,MEM,107,Staples Center
496,2018-12-25T17:00:00.000Z,NYK,95,MIL,109,Madison Square Garden
497,2018-12-25T20:00:00.000Z,HOU,113,OKL,109,Toyota Center
498,2018-12-25T22:30:00.000Z,BOS,121,PHI,114,TD Garden
499,2018-12-26T01:00:00.000Z,GSW,101,LAL,127,Oracle Arena
500,2018-12-26T03:30:00.000Z,UTA,117,POR,96,Vivint Smart Home Arena
501,2018-12-27T00:00:00.000Z,DET,106,WAS,95,Little Caesars Arena
502,2018-12-27T00:00:00.000Z,ORL,120,PHX,122,Amway Center
503,2018-12-27T00:30:00.000Z,ATL,121,IND,129,State Farm Arena
504,2018-12-27T00:30:00.000Z,BRO,134,CHA,132,Barclays Center
505,2018-12-27T00:30:00.000Z,MIA,104,TOR,106,American Airlines Arena
506,2018-12-27T01:00:00.000Z,CHI,94,MIN,119,United Center
507,2018-12-27T01:00:00.000Z,MEM,95,CLE,87,FedEx Forum
508,2018-12-27T01:30:00.000Z,DAL,122,NOP,119,American Airlines Center
509,2018-12-27T01:30:00.000Z,SAS,111,DEN,103,AT&T Center
510,2018-12-27T03:30:00.000Z,LAC,127,SAC,118,Staples Center
511,2018-12-28T01:00:00.000Z,HOU,127,BOS,113,Toyota Center
512,2018-12-28T01:00:00.000Z,MIL,112,NYK,96,Fiserv Forum
513,2018-12-28T03:00:00.000Z,SAC,117,LAL,116,Golden 1 Center
514,2018-12-28T03:30:00.000Z,UTA,97,PHI,114,Vivint Smart Home Arena
515,2018-12-28T03:30:00.000Z,GSW,109,POR,110,Oracle Arena
516,2018-12-29T00:00:00.000Z,CHA,100,BRO,87,Spectrum Center
517,2018-12-29T00:00:00.000Z,IND,125,DET,88,Bankers Life Fieldhouse
518,2018-12-29T00:00:00.000Z,ORL,116,TOR,87,Amway Center
519,2018-12-29T00:00:00.000Z,WAS,92,CHI,101,Capital One Arena
520,2018-12-29T01:00:00.000Z,MIA,118,CLE,94,American Airlines Arena
521,2018-12-29T01:00:00.000Z,MIN,120,ATL,123,Target Center
522,2018-12-29T01:00:00.000Z,NOP,114,DAL,112,Smoothie King Center
523,2018-12-29T02:00:00.000Z,DEN,102,SAS,99,Pepsi Center
524,2018-12-29T02:00:00.000Z,PHX,102,OKL,118,Talking Stick Resort Arena
525,2018-12-29T03:30:00.000Z,LAL,107,LAC,118,Staples Center
526,2018-12-29T22:00:00.000Z,MIL,129,BRO,115,Fiserv Forum
527,2018-12-30T00:00:00.000Z,NOP,104,HOU,108,Smoothie King Center
528,2018-12-30T00:00:00.000Z,WAS,130,CHA,126,Capital One Arena
529,2018-12-30T00:30:00.000Z,ATL,111,CLE,108,State Farm Arena
530,2018-12-30T01:00:00.000Z,MEM,103,BOS,112,FedEx Forum
531,2018-12-30T01:00:00.000Z,UTA,129,NYK,97,Vivint Smart Home Arena
532,2018-12-30T02:00:00.000Z,PHX,118,DEN,122,Talking Stick Resort Arena
533,2018-12-30T03:00:00.000Z,POR,105,GSW,115,Moda Center
534,2018-12-30T03:30:00.000Z,LAC,111,SAS,122,Staples Center
535,2018-12-30T20:30:00.000Z,ORL,109,DET,107,Amway Center
536,2018-12-30T23:00:00.000Z,MIA,104,MIN,113,American Airlines Arena
537,2018-12-30T23:00:00.000Z,TOR,95,CHI,89,Scotiabank Arena
538,2018-12-31T00:00:00.000Z,DAL,105,OKL,103,American Airlines Center
539,2018-12-31T02:00:00.000Z,POR,129,PHI,95,Moda Center
540,2018-12-31T02:30:00.000Z,LAL,121,SAC,114,Staples Center
541,2018-12-31T20:00:00.000Z,IND,116,ATL,108,Bankers Life Fieldhouse
542,2018-12-31T23:00:00.000Z,CHA,125,ORL,100,Spectrum Center
543,2019-01-01T00:00:00.000Z,HOU,113,MEM,101,Toyota Center
544,2019-01-01T00:00:00.000Z,SAS,120,BOS,111,AT&T Center
545,2019-01-01T01:00:00.000Z,NOP,123,MIN,114,Smoothie King Center
546,2019-01-01T01:00:00.000Z,OKL,122,DAL,102,Chesapeake Energy Arena
547,2019-01-01T02:00:00.000Z,PHX,109,GSW,132,Talking Stick Resort Arena
548,2019-01-02T00:30:00.000Z,TOR,122,UTA,116,Scotiabank Arena
549,2019-01-02T01:00:00.000Z,MIL,121,DET,98,Fiserv Forum
550,2019-01-02T02:00:00.000Z,DEN,115,NYK,108,Pepsi Center
551,2019-01-02T02:00:00.000Z,SAC,108,POR,113,Golden 1 Center
552,2019-01-02T03:30:00.000Z,LAC,113,PHI,119,Staples Center
553,2019-01-03T00:00:00.000Z,CHA,84,DAL,122,Spectrum Center
554,2019-01-03T00:00:00.000Z,CLE,92,MIA,117,Quicken Loans Arena
555,2019-01-03T00:00:00.000Z,WAS,114,ATL,98,Capital One Arena
556,2019-01-03T00:30:00.000Z,BRO,126,NOP,121,Barclays Center
557,2019-01-03T01:00:00.000Z,BOS,115,MIN,102,TD Garden
558,2019-01-03T01:00:00.000Z,CHI,84,ORL,112,United Center
559,2019-01-03T01:00:00.000Z,MEM,94,DET,101,FedEx Forum
560,2019-01-03T02:00:00.000Z,PHX,127,PHI,132,Talking Stick Resort Arena
561,2019-01-03T03:30:00.000Z,LAL,100,OKL,107,Staples Center
562,2019-01-04T01:00:00.000Z,SAS,125,TOR,107,AT&T Center
563,2019-01-04T03:00:00.000Z,SAC,113,DEN,117,Golden 1 Center
564,2019-01-04T03:30:00.000Z,GSW,134,HOU,135,Oracle Arena
565,2019-01-05T00:30:00.000Z,CLE,91,UTA,117,Quicken Loans Arena
566,2019-01-05T01:00:00.000Z,BOS,114,DAL,93,TD Garden
567,2019-01-05T01:00:00.000Z,MIA,115,WAS,109,American Airlines Arena
568,2019-01-05T01:00:00.000Z,CHI,116,IND,119,United Center
569,2019-01-05T01:00:00.000Z,MEM,100,BRO,109,FedEx Forum
570,2019-01-05T01:00:00.000Z,MIN,120,ORL,103,Target Center
571,2019-01-05T01:30:00.000Z,MIL,144,ATL,112,Fiserv Forum
572,2019-01-05T02:00:00.000Z,PHX,111,LAC,121,Talking Stick Resort Arena
573,2019-01-05T03:30:00.000Z,LAL,112,NYK,119,Staples Center
574,2019-01-05T03:30:00.000Z,POR,109,OKL,111,Moda Center
575,2019-01-05T22:00:00.000Z,DEN,123,CHA,110,Pepsi Center
576,2019-01-06T00:00:00.000Z,DET,105,UTA,110,Little Caesars Arena
577,2019-01-06T00:30:00.000Z,PHI,106,DAL,100,Wells Fargo Center
578,2019-01-06T01:00:00.000Z,CLE,98,NOP,133,Quicken Loans Arena
579,2019-01-06T01:30:00.000Z,MIL,116,TOR,123,Fiserv Forum
580,2019-01-06T01:30:00.000Z,SAS,108,MEM,88,AT&T Center
581,2019-01-06T03:00:00.000Z,POR,110,HOU,101,Moda Center
582,2019-01-06T03:00:00.000Z,SAC,123,GSW,127,Golden 1 Center
583,2019-01-06T20:30:00.000Z,CHI,100,BRO,117,United Center
584,2019-01-06T20:30:00.000Z,MIN,108,LAL,86,Target Center
585,2019-01-06T20:30:00.000Z,LAC,106,ORL,96,Staples Center
586,2019-01-06T23:00:00.000Z,ATL,106,MIA,82,State Farm Arena
587,2019-01-07T00:00:00.000Z,OKL,98,WAS,116,Chesapeake Energy Arena
588,2019-01-07T00:30:00.000Z,TOR,121,IND,105,Scotiabank Arena
589,2019-01-07T01:00:00.000Z,PHX,113,CHA,119,Talking Stick Resort Arena
590,2019-01-08T00:00:00.000Z,DET,107,SAS,119,Little Caesars Arena
591,2019-01-08T00:30:00.000Z,BOS,116,BRO,95,TD Garden
592,2019-01-08T01:00:00.000Z,HOU,125,DEN,113,Toyota Center
593,2019-01-08T01:00:00.000Z,MIL,114,UTA,102,Fiserv Forum
594,2019-01-08T01:00:00.000Z,NOP,114,MEM,95,Smoothie King Center
595,2019-01-08T01:30:00.000Z,DAL,97,LAL,107,American Airlines Center
596,2019-01-08T03:00:00.000Z,POR,111,NYK,101,Moda Center
597,2019-01-08T03:00:00.000Z,SAC,111,ORL,95,Golden 1 Center
598,2019-01-09T00:00:00.000Z,CLE,115,IND,123,Quicken Loans Arena
599,2019-01-09T00:00:00.000Z,PHI,132,WAS,115,Wells Fargo Center
600,2019-01-09T00:30:00.000Z,MIA,99,DEN,103,American Airlines Arena
601,2019-01-09T00:30:00.000Z,TOR,104,ATL,101,Scotiabank Arena
602,2019-01-09T01:00:00.000Z,OKL,117,MIN,119,Chesapeake Energy Arena
603,2019-01-09T02:00:00.000Z,PHX,115,SAC,111,Talking Stick Resort Arena
604,2019-01-09T03:30:00.000Z,GSW,122,NYK,95,Oracle Arena
605,2019-01-09T03:30:00.000Z,LAC,128,CHA,109,Staples Center
606,2019-01-10T00:00:00.000Z,BOS,135,IND,108,TD Garden
607,2019-01-10T00:00:00.000Z,WAS,123,PHI,106,Capital One Arena
608,2019-01-10T00:30:00.000Z,BRO,116,ATL,100,Barclays Center
609,2019-01-10T01:00:00.000Z,HOU,109,MIL,116,Toyota Center
610,2019-01-10T01:00:00.000Z,MEM,96,SAS,86,FedEx Forum
611,2019-01-10T01:00:00.000Z,NOP,140,CLE,124,Smoothie King Center
612,2019-01-10T01:30:00.000Z,DAL,104,PHX,94,American Airlines Center
613,2019-01-10T02:00:00.000Z,UTA,106,ORL,93,Vivint Smart Home Arena
614,2019-01-10T03:00:00.000Z,POR,124,CHI,112,Moda Center
615,2019-01-10T03:30:00.000Z,LAL,113,DET,100,Staples Center
616,2019-01-11T00:00:00.000Z,MIA,115,BOS,99,American Airlines Arena
617,2019-01-11T02:00:00.000Z,DEN,121,LAC,100,Pepsi Center
618,2019-01-11T02:30:00.000Z,SAS,154,OKL,147,AT&T Center
619,2019-01-11T03:00:00.000Z,SAC,112,DET,102,Golden 1 Center
620,2019-01-12T00:00:00.000Z,PHI,121,ATL,123,Wells Fargo Center
621,2019-01-12T00:00:00.000Z,WAS,113,MIL,106,Capital One Arena
622,2019-01-12T00:30:00.000Z,NYK,106,IND,121,Madison Square Garden
623,2019-01-12T00:30:00.000Z,TOR,122,BRO,105,Scotiabank Arena
624,2019-01-12T01:00:00.000Z,HOU,141,CLE,113,Toyota Center
625,2019-01-12T01:00:00.000Z,MIN,115,DAL,119,Target Center
626,2019-01-12T03:00:00.000Z,UTA,113,LAL,95,Vivint Smart Home Arena
627,2019-01-12T03:00:00.000Z,POR,127,CHA,96,Moda Center
628,2019-01-12T03:30:00.000Z,GSW,146,CHI,109,Oracle Arena
629,2019-01-12T20:30:00.000Z,LAC,104,DET,109,Staples Center
630,2019-01-12T22:00:00.000Z,MIA,112,MEM,108,American Airlines Arena
631,2019-01-13T00:00:00.000Z,ORL,105,BOS,103,Amway Center
632,2019-01-13T01:00:00.000Z,MIN,110,NOP,106,Target Center
633,2019-01-13T01:00:00.000Z,OKL,122,SAS,112,Chesapeake Energy Arena
634,2019-01-13T02:00:00.000Z,PHX,102,DEN,93,Talking Stick Resort Arena
635,2019-01-13T03:00:00.000Z,SAC,104,CHA,97,Golden 1 Center
636,2019-01-13T03:00:00.000Z,UTA,110,CHI,102,Vivint Smart Home Arena
637,2019-01-13T18:00:00.000Z,NYK,105,PHI,108,Madison Square Garden
638,2019-01-13T18:00:00.000Z,WAS,138,TOR,140,Capital One Arena
639,2019-01-13T20:30:00.000Z,ATL,114,MIL,133,State Farm Arena
640,2019-01-13T23:00:00.000Z,ORL,116,HOU,109,Amway Center
641,2019-01-14T00:00:00.000Z,DAL,114,GSW,119,American Airlines Center
642,2019-01-14T01:00:00.000Z,DEN,116,POR,113,Pepsi Center
643,2019-01-14T02:30:00.000Z,LAL,95,CLE,101,Staples Center
644,2019-01-15T00:30:00.000Z,BRO,109,BOS,102,Barclays Center
645,2019-01-15T01:00:00.000Z,HOU,112,MEM,94,Toyota Center
646,2019-01-15T01:30:00.000Z,SAS,93,CHA,108,AT&T Center
647,2019-01-15T02:00:00.000Z,UTA,100,DET,94,Vivint Smart Home Arena
648,2019-01-15T03:00:00.000Z,SAC,115,POR,107,Golden 1 Center
649,2019-01-15T03:30:00.000Z,LAC,117,NOP,121,Staples Center
650,2019-01-16T00:00:00.000Z,IND,131,PHX,97,Bankers Life Fieldhouse
651,2019-01-16T00:00:00.000Z,PHI,149,MIN,107,Wells Fargo Center
652,2019-01-16T00:30:00.000Z,ATL,142,OKL,126,State Farm Arena
653,2019-01-16T01:00:00.000Z,MIL,124,MIA,86,Fiserv Forum
654,2019-01-16T02:00:00.000Z,DEN,111,GSW,142,Pepsi Center
655,2019-01-16T03:30:00.000Z,LAL,107,CHI,100,Staples Center
656,2019-01-17T00:00:00.000Z,DET,120,ORL,115,Little Caesars Arena
657,2019-01-17T01:00:00.000Z,BOS,117,TOR,108,TD Garden
658,2019-01-17T01:00:00.000Z,HOU,142,BRO,145,Toyota Center
659,2019-01-17T01:00:00.000Z,MEM,101,MIL,111,FedEx Forum
660,2019-01-17T01:30:00.000Z,DAL,101,SAS,105,American Airlines Center
661,2019-01-17T03:00:00.000Z,POR,129,CLE,112,Moda Center
662,2019-01-17T03:30:00.000Z,GSW,147,NOP,140,Oracle Arena
663,2019-01-17T03:30:00.000Z,LAC,109,UTA,129,Staples Center
664,2019-01-17T20:00:00.000Z,WAS,101,NYK,100,Capital One Arena
665,2019-01-18T00:00:00.000Z,CHA,114,SAC,95,Spectrum Center
666,2019-01-18T00:00:00.000Z,IND,96,PHI,120,Bankers Life Fieldhouse
667,2019-01-18T00:30:00.000Z,TOR,111,PHX,109,Scotiabank Arena
668,2019-01-18T02:00:00.000Z,DEN,135,CHI,105,Pepsi Center
669,2019-01-18T02:30:00.000Z,OKL,128,LAL,138,Chesapeake Energy Arena
670,2019-01-19T00:00:00.000Z,BOS,122,MEM,116,TD Garden
671,2019-01-19T00:00:00.000Z,DET,98,MIA,93,Little Caesars Arena
672,2019-01-19T00:00:00.000Z,ORL,115,BRO,117,Amway Center
673,2019-01-19T01:00:00.000Z,MIN,113,SAS,116,Target Center
674,2019-01-19T02:00:00.000Z,UTA,115,CLE,99,Vivint Smart Home Arena
675,2019-01-19T03:30:00.000Z,LAC,94,GSW,112,Staples Center
676,2019-01-19T03:30:00.000Z,POR,128,NOP,112,Moda Center
677,2019-01-19T20:30:00.000Z,PHI,115,OKL,117,Wells Fargo Center
678,2019-01-19T22:00:00.000Z,CHA,135,PHX,115,Spectrum Center
679,2019-01-20T00:00:00.000Z,DET,101,SAC,103,Little Caesars Arena
680,2019-01-20T00:00:00.000Z,IND,111,DAL,99,Bankers Life Fieldhouse
681,2019-01-20T00:00:00.000Z,ORL,108,MIL,118,Amway Center
682,2019-01-20T00:30:00.000Z,ATL,105,BOS,113,State Farm Arena
683,2019-01-20T00:30:00.000Z,TOR,119,MEM,90,Scotiabank Arena
684,2019-01-20T01:00:00.000Z,CHI,103,MIA,117,United Center
685,2019-01-20T01:30:00.000Z,HOU,138,LAL,134,Toyota Center
686,2019-01-20T03:00:00.000Z,DEN,124,CLE,102,Pepsi Center
687,2019-01-20T23:00:00.000Z,IND,120,CHA,95,Bankers Life Fieldhouse
688,2019-01-21T00:00:00.000Z,MIN,116,PHX,114,Target Center
689,2019-01-21T00:00:00.000Z,SAS,95,LAC,103,AT&T Center
690,2019-01-21T17:30:00.000Z,NYK,109,OKL,127,Madison Square Garden
691,2019-01-21T18:00:00.000Z,CLE,88,CHI,104,Quicken Loans Arena
692,2019-01-21T19:00:00.000Z,WAS,101,DET,87,Capital One Arena
693,2019-01-21T19:00:00.000Z,MIL,116,DAL,106,Fiserv Forum
694,2019-01-21T20:00:00.000Z,ATL,103,ORL,122,State Farm Arena
695,2019-01-21T20:30:00.000Z,BRO,123,SAC,94,Barclays Center
696,2019-01-21T22:30:00.000Z,MEM,85,NOP,105,FedEx Forum
697,2019-01-21T23:00:00.000Z,BOS,107,MIA,99,TD Garden
698,2019-01-22T01:00:00.000Z,PHI,121,HOU,93,Wells Fargo Center
699,2019-01-22T02:00:00.000Z,UTA,104,POR,109,Vivint Smart Home Arena
700,2019-01-22T03:30:00.000Z,LAL,111,GSW,130,Staples Center
701,2019-01-23T00:00:00.000Z,TOR,120,SAC,105,Scotiabank Arena
702,2019-01-23T01:00:00.000Z,OKL,123,POR,114,Chesapeake Energy Arena
703,2019-01-23T01:30:00.000Z,DAL,106,LAC,98,American Airlines Center
704,2019-01-23T02:00:00.000Z,PHX,91,MIN,118,Talking Stick Resort Arena
705,2019-01-24T00:00:00.000Z,IND,110,TOR,106,Bankers Life Fieldhouse
706,2019-01-24T00:30:00.000Z,BOS,123,CLE,103,TD Garden
707,2019-01-24T00:30:00.000Z,BRO,114,ORL,110,Barclays Center
708,2019-01-24T00:30:00.000Z,MIA,99,LAC,111,American Airlines Arena
709,2019-01-24T00:30:00.000Z,NYK,110,HOU,114,Madison Square Garden
710,2019-01-24T01:00:00.000Z,PHI,122,SAS,120,Wells Fargo Center
711,2019-01-24T01:00:00.000Z,CHI,101,ATL,121,United Center
712,2019-01-24T01:00:00.000Z,MEM,107,CHA,118,FedEx Forum
713,2019-01-24T01:00:00.000Z,NOP,94,DET,98,Smoothie King Center
714,2019-01-24T03:30:00.000Z,UTA,114,DEN,108,Vivint Smart Home Arena
715,2019-01-25T01:00:00.000Z,WAS,118,GSW,126,Capital One Arena
716,2019-01-25T01:00:00.000Z,OKL,122,NOP,116,Chesapeake Energy Arena
717,2019-01-25T02:00:00.000Z,PHX,106,POR,120,Talking Stick Resort Arena
718,2019-01-25T03:30:00.000Z,LAL,105,MIN,120,Staples Center
719,2019-01-26T00:00:00.000Z,ORL,91,WAS,95,Amway Center
720,2019-01-26T00:30:00.000Z,BRO,109,NYK,99,Barclays Center
721,2019-01-26T00:30:00.000Z,CLE,94,MIA,100,Quicken Loans Arena
722,2019-01-26T01:00:00.000Z,CHI,101,LAC,106,United Center
723,2019-01-26T01:00:00.000Z,HOU,121,TOR,119,Toyota Center
724,2019-01-26T01:00:00.000Z,MEM,96,SAC,99,FedEx Forum
725,2019-01-26T01:30:00.000Z,DAL,106,DET,101,American Airlines Center
726,2019-01-26T01:30:00.000Z,MIL,108,CHA,99,Fiserv Forum
727,2019-01-26T02:00:00.000Z,DEN,132,PHX,95,Pepsi Center
728,2019-01-26T02:00:00.000Z,UTA,106,MIN,102,Vivint Smart Home Arena
729,2019-01-26T23:00:00.000Z,NOP,114,SAS,126,Smoothie King Center
730,2019-01-27T01:00:00.000Z,MEM,106,IND,103,FedEx Forum
731,2019-01-27T01:30:00.000Z,BOS,111,GSW,115,TD Garden
732,2019-01-27T02:00:00.000Z,DEN,126,PHI,110,Pepsi Center
733,2019-01-27T03:00:00.000Z,POR,120,ATL,111,Moda Center
734,2019-01-27T20:30:00.000Z,CHI,101,CLE,104,United Center
735,2019-01-27T20:30:00.000Z,LAC,122,SAC,108,Staples Center
736,2019-01-27T23:00:00.000Z,OKL,118,MIL,112,Chesapeake Energy Arena
737,2019-01-28T00:00:00.000Z,HOU,103,ORL,98,Toyota Center
738,2019-01-28T00:00:00.000Z,DAL,120,TOR,123,American Airlines Center
739,2019-01-28T00:00:00.000Z,MIN,111,UTA,125,Target Center
740,2019-01-28T00:00:00.000Z,SAS,132,WAS,119,AT&T Center
741,2019-01-28T00:30:00.000Z,NYK,97,MIA,106,Madison Square Garden
742,2019-01-28T02:30:00.000Z,LAL,116,PHX,102,Staples Center
743,2019-01-29T00:00:00.000Z,CHA,101,NYK,92,Spectrum Center
744,2019-01-29T00:00:00.000Z,IND,100,GSW,132,Bankers Life Fieldhouse
745,2019-01-29T00:30:00.000Z,BOS,112,BRO,104,TD Garden
746,2019-01-29T01:00:00.000Z,MEM,92,DEN,95,FedEx Forum
747,2019-01-29T03:30:00.000Z,LAC,118,ATL,123,Staples Center
748,2019-01-30T00:00:00.000Z,CLE,116,WAS,113,Quicken Loans Arena
749,2019-01-30T00:00:00.000Z,DET,105,MIL,115,Little Caesars Arena
750,2019-01-30T00:00:00.000Z,ORL,117,OKL,126,Amway Center
751,2019-01-30T00:30:00.000Z,BRO,122,CHI,117,Barclays Center
752,2019-01-30T01:00:00.000Z,HOU,116,NOP,121,Toyota Center
753,2019-01-30T01:30:00.000Z,SAS,126,PHX,124,AT&T Center
754,2019-01-30T03:30:00.000Z,LAL,105,PHI,121,Staples Center
755,2019-01-31T00:30:00.000Z,BOS,126,CHA,94,TD Garden
756,2019-01-31T00:30:00.000Z,MIA,89,CHI,105,American Airlines Arena
757,2019-01-31T00:30:00.000Z,NYK,90,DAL,114,Madison Square Garden
758,2019-01-31T01:00:00.000Z,WAS,107,IND,89,Capital One Arena
759,2019-01-31T01:00:00.000Z,MIN,99,MEM,97,Target Center
760,2019-01-31T01:00:00.000Z,NOP,99,DEN,105,Smoothie King Center
761,2019-01-31T03:00:00.000Z,SAC,135,ATL,113,Golden 1 Center
762,2019-01-31T03:30:00.000Z,POR,132,UTA,105,Moda Center
763,2019-02-01T00:00:00.000Z,DET,93,DAL,89,Little Caesars Arena
764,2019-02-01T00:00:00.000Z,ORL,107,IND,100,Amway Center
765,2019-02-01T01:00:00.000Z,TOR,92,MIL,105,Scotiabank Arena
766,2019-02-01T01:30:00.000Z,SAS,117,BRO,114,AT&T Center
767,2019-02-01T03:30:00.000Z,GSW,104,PHI,113,Oracle Arena
768,2019-02-01T03:30:00.000Z,LAC,120,LAL,123,Staples Center
769,2019-02-02T00:00:00.000Z,CHA,100,MEM,92,Spectrum Center
770,2019-02-02T00:30:00.000Z,NYK,99,BOS,113,Madison Square Garden
771,2019-02-02T01:00:00.000Z,MIA,102,OKL,118,American Airlines Arena
772,2019-02-02T02:00:00.000Z,UTA,128,ATL,112,Vivint Smart Home Arena
773,2019-02-02T03:00:00.000Z,DEN,136,HOU,122,Pepsi Center
774,2019-02-02T22:00:00.000Z,DET,101,LAC,111,Little Caesars Arena
775,2019-02-03T00:00:00.000Z,CHA,125,CHI,118,Spectrum Center
776,2019-02-03T00:00:00.000Z,ORL,102,BRO,89,Amway Center
777,2019-02-03T00:00:00.000Z,WAS,115,MIL,131,Capital One Arena
778,2019-02-03T00:30:00.000Z,CLE,98,DAL,111,Quicken Loans Arena
779,2019-02-03T00:30:00.000Z,MIA,88,IND,95,American Airlines Arena
780,2019-02-03T01:30:00.000Z,SAS,113,NOP,108,AT&T Center
781,2019-02-03T01:30:00.000Z,GSW,115,LAL,101,Oracle Arena
782,2019-02-03T02:00:00.000Z,MIN,106,DEN,107,Target Center
783,2019-02-03T02:00:00.000Z,PHX,112,ATL,118,Talking Stick Resort Arena
784,2019-02-03T02:00:00.000Z,UTA,98,HOU,125,Vivint Smart Home Arena
785,2019-02-03T03:00:00.000Z,SAC,115,PHI,108,Golden 1 Center
786,2019-02-03T18:00:00.000Z,NYK,84,MEM,96,Madison Square Garden
787,2019-02-03T19:00:00.000Z,BOS,134,OKL,129,TD Garden
788,2019-02-03T20:00:00.000Z,TOR,121,LAC,103,Scotiabank Arena
789,2019-02-05T00:00:00.000Z,DET,129,DEN,103,Little Caesars Arena
790,2019-02-05T00:00:00.000Z,WAS,129,ATL,137,Capital One Arena
791,2019-02-05T00:30:00.000Z,BRO,94,MIL,113,Barclays Center
792,2019-02-05T01:00:00.000Z,NOP,107,IND,109,Smoothie King Center
793,2019-02-05T02:00:00.000Z,PHX,110,HOU,118,Talking Stick Resort Arena
794,2019-02-05T03:00:00.000Z,SAC,127,SAS,112,Golden 1 Center
795,2019-02-06T00:00:00.000Z,CHA,115,LAC,117,Spectrum Center
796,2019-02-06T00:00:00.000Z,CLE,96,BOS,103,Quicken Loans Arena
797,2019-02-06T00:00:00.000Z,IND,136,LAL,94,Bankers Life Fieldhouse
798,2019-02-06T00:30:00.000Z,NYK,92,DET,105,Madison Square Garden
799,2019-02-06T01:00:00.000Z,PHI,107,TOR,119,Wells Fargo Center
800,2019-02-06T01:00:00.000Z,MEM,108,MIN,106,FedEx Forum
801,2019-02-06T01:00:00.000Z,OKL,132,ORL,122,Chesapeake Energy Arena
802,2019-02-06T03:30:00.000Z,POR,108,MIA,118,Moda Center
803,2019-02-07T00:30:00.000Z,BRO,135,DEN,130,Barclays Center
804,2019-02-07T01:00:00.000Z,CHI,120,NOP,125,United Center
805,2019-02-07T01:00:00.000Z,MIL,148,WAS,129,Fiserv Forum
806,2019-02-07T01:30:00.000Z,DAL,99,CHA,93,American Airlines Center
807,2019-02-07T02:00:00.000Z,UTA,116,PHX,88,Vivint Smart Home Arena
808,2019-02-07T03:00:00.000Z,SAC,101,HOU,127,Golden 1 Center
809,2019-02-07T03:30:00.000Z,GSW,141,SAS,102,Oracle Arena
810,2019-02-08T00:00:00.000Z,IND,116,LAC,92,Bankers Life Fieldhouse
811,2019-02-08T00:00:00.000Z,ORL,122,MIN,112,Amway Center
812,2019-02-08T00:30:00.000Z,ATL,101,TOR,119,State Farm Arena
813,2019-02-08T01:00:00.000Z,BOS,128,LAL,129,TD Garden
814,2019-02-08T01:00:00.000Z,OKL,117,MEM,95,Chesapeake Energy Arena
815,2019-02-08T03:30:00.000Z,POR,127,SAS,118,Moda Center
816,2019-02-09T00:00:00.000Z,DET,120,NYK,103,Little Caesars Arena
817,2019-02-09T00:00:00.000Z,PHI,117,DEN,110,Wells Fargo Center
818,2019-02-09T00:00:00.000Z,WAS,119,CLE,106,Capital One Arena
819,2019-02-09T00:30:00.000Z,BRO,106,CHI,125,Barclays Center
820,2019-02-09T01:30:00.000Z,DAL,107,MIL,122,American Airlines Center
821,2019-02-09T02:00:00.000Z,PHX,107,GSW,117,Talking Stick Resort Arena
822,2019-02-09T02:30:00.000Z,NOP,122,MIN,117,Smoothie King Center
823,2019-02-09T03:00:00.000Z,SAC,102,MIA,96,Golden 1 Center
824,2019-02-09T22:00:00.000Z,UTA,125,SAS,105,Vivint Smart Home Arena
825,2019-02-10T00:00:00.000Z,IND,105,CLE,90,Bankers Life Fieldhouse
826,2019-02-10T00:30:00.000Z,ATL,120,CHA,129,State Farm Arena
827,2019-02-10T00:30:00.000Z,NYK,99,TOR,104,Madison Square Garden
828,2019-02-10T01:00:00.000Z,BOS,112,LAC,123,TD Garden
829,2019-02-10T01:00:00.000Z,CHI,125,WAS,134,United Center
830,2019-02-10T01:00:00.000Z,MEM,99,NOP,90,FedEx Forum
831,2019-02-10T01:30:00.000Z,HOU,112,OKL,117,Toyota Center
832,2019-02-10T02:00:00.000Z,MIL,83,ORL,103,Fiserv Forum
833,2019-02-10T20:00:00.000Z,DAL,102,POR,101,American Airlines Center
834,2019-02-10T20:30:00.000Z,PHI,143,LAL,120,Wells Fargo Center
835,2019-02-10T23:00:00.000Z,SAC,117,PHX,104,Golden 1 Center
836,2019-02-11T00:30:00.000Z,ATL,108,ORL,124,State Farm Arena
837,2019-02-11T01:30:00.000Z,GSW,120,MIA,118,Oracle Arena
838,2019-02-12T00:00:00.000Z,CLE,107,NYK,104,Quicken Loans Arena
839,2019-02-12T00:00:00.000Z,DET,121,WAS,112,Little Caesars Arena
840,2019-02-12T00:00:00.000Z,IND,99,CHA,90,Bankers Life Fieldhouse
841,2019-02-12T00:30:00.000Z,TOR,127,BRO,125,Scotiabank Arena
842,2019-02-12T01:00:00.000Z,CHI,99,MIL,112,United Center
843,2019-02-12T01:00:00.000Z,HOU,120,DAL,104,Toyota Center
844,2019-02-12T01:00:00.000Z,MIN,130,LAC,120,Target Center
845,2019-02-12T01:00:00.000Z,OKL,120,POR,111,Chesapeake Energy Arena
846,2019-02-12T02:00:00.000Z,DEN,103,MIA,87,Pepsi Center
847,2019-02-13T00:30:00.000Z,ATL,117,LAL,113,State Farm Arena
848,2019-02-13T01:00:00.000Z,PHI,109,BOS,112,Wells Fargo Center
849,2019-02-13T01:00:00.000Z,MEM,107,SAS,108,FedEx Forum
850,2019-02-13T01:00:00.000Z,NOP,88,ORL,118,Smoothie King Center
851,2019-02-13T03:30:00.000Z,GSW,115,UTA,108,Oracle Arena
852,2019-02-14T00:00:00.000Z,CLE,139,BRO,148,Quicken Loans Arena
853,2019-02-14T00:00:00.000Z,IND,97,MIL,106,Bankers Life Fieldhouse
854,2019-02-14T00:30:00.000Z,BOS,118,DET,110,TD Garden
855,2019-02-14T00:30:00.000Z,NYK,111,PHI,126,Madison Square Garden
856,2019-02-14T00:30:00.000Z,TOR,129,WAS,120,Scotiabank Arena
857,2019-02-14T01:00:00.000Z,CHI,122,MEM,110,United Center
858,2019-02-14T01:00:00.000Z,MIN,121,HOU,111,Target Center
859,2019-02-14T01:30:00.000Z,DAL,101,MIA,112,American Airlines Center
860,2019-02-14T02:00:00.000Z,DEN,120,SAC,118,Pepsi Center
861,2019-02-14T03:30:00.000Z,POR,129,GSW,107,Moda Center
862,2019-02-14T03:30:00.000Z,LAC,134,PHX,107,Staples Center
863,2019-02-15T00:00:00.000Z,ORL,127,CHA,89,Amway Center
864,2019-02-15T00:30:00.000Z,ATL,91,NYK,106,State Farm Arena
865,2019-02-15T01:00:00.000Z,NOP,131,OKL,122,Smoothie King Center
866,2019-02-22T00:00:00.000Z,CLE,111,PHX,98,Quicken Loans Arena
867,2019-02-22T00:00:00.000Z,PHI,106,MIA,102,Wells Fargo Center
868,2019-02-22T00:30:00.000Z,BRO,99,POR,113,Barclays Center
869,2019-02-22T01:00:00.000Z,MIL,98,BOS,97,Fiserv Forum
870,2019-02-22T03:30:00.000Z,GSW,125,SAC,123,Oracle Arena
871,2019-02-22T03:30:00.000Z,LAL,111,HOU,106,Staples Center
872,2019-02-23T00:00:00.000Z,CHA,123,WAS,110,Spectrum Center
873,2019-02-23T00:00:00.000Z,IND,126,NOP,111,Bankers Life Fieldhouse
874,2019-02-23T00:00:00.000Z,ORL,109,CHI,110,Amway Center
875,2019-02-23T00:00:00.000Z,TOR,120,SAS,117,Scotiabank Arena
876,2019-02-23T00:30:00.000Z,ATL,122,DET,125,State Farm Arena
877,2019-02-23T00:30:00.000Z,NYK,104,MIN,115,Madison Square Garden
878,2019-02-23T01:00:00.000Z,MEM,106,LAC,112,FedEx Forum
879,2019-02-23T01:30:00.000Z,DAL,104,DEN,114,American Airlines Center
880,2019-02-23T02:30:00.000Z,OKL,148,UTA,147,Chesapeake Energy Arena
881,2019-02-23T18:00:00.000Z,PHI,115,POR,130,Wells Fargo Center
882,2019-02-24T00:00:00.000Z,ATL,120,PHX,112,State Farm Arena
883,2019-02-24T00:00:00.000Z,CHA,115,BRO,117,Spectrum Center
884,2019-02-24T00:00:00.000Z,CLE,112,MEM,107,Quicken Loans Arena
885,2019-02-24T00:00:00.000Z,WAS,112,IND,119,Capital One Arena
886,2019-02-24T00:00:00.000Z,NOP,128,LAL,115,Smoothie King Center
887,2019-02-24T00:30:00.000Z,MIA,96,DET,119,American Airlines Arena
888,2019-02-24T01:00:00.000Z,CHI,126,BOS,116,United Center
889,2019-02-24T01:00:00.000Z,OKL,116,SAC,119,Chesapeake Energy Arena
890,2019-02-24T01:30:00.000Z,MIL,140,MIN,128,Fiserv Forum
891,2019-02-24T01:30:00.000Z,GSW,112,HOU,118,Oracle Arena
892,2019-02-24T03:00:00.000Z,UTA,125,DAL,109,Vivint Smart Home Arena
893,2019-02-24T20:30:00.000Z,TOR,98,ORL,113,Scotiabank Arena
894,2019-02-24T22:00:00.000Z,DEN,123,LAC,96,Pepsi Center
895,2019-02-25T00:30:00.000Z,NYK,130,SAS,118,Madison Square Garden
896,2019-02-26T00:00:00.000Z,CHA,110,GSW,121,Spectrum Center
897,2019-02-26T00:00:00.000Z,CLE,110,POR,123,Quicken Loans Arena
898,2019-02-26T00:00:00.000Z,DET,113,IND,109,Little Caesars Arena
899,2019-02-26T00:30:00.000Z,BRO,101,SAS,85,Barclays Center
900,2019-02-26T00:30:00.000Z,MIA,121,PHX,124,American Airlines Arena
901,2019-02-26T01:00:00.000Z,CHI,106,MIL,117,United Center
902,2019-02-26T01:00:00.000Z,HOU,119,ATL,111,Toyota Center
903,2019-02-26T01:00:00.000Z,MEM,110,LAL,105,FedEx Forum
904,2019-02-26T01:00:00.000Z,MIN,112,SAC,105,Target Center
905,2019-02-26T01:00:00.000Z,NOP,110,PHI,111,Smoothie King Center
906,2019-02-26T03:30:00.000Z,LAC,121,DAL,112,Staples Center
907,2019-02-27T00:30:00.000Z,NYK,108,ORL,103,Madison Square Garden
908,2019-02-27T01:00:00.000Z,TOR,118,BOS,95,Scotiabank Arena
909,2019-02-27T03:30:00.000Z,DEN,121,OKL,112,Pepsi Center
910,2019-02-28T00:00:00.000Z,CHA,113,HOU,118,Spectrum Center
911,2019-02-28T00:30:00.000Z,ATL,131,MIN,123,State Farm Arena
912,2019-02-28T00:30:00.000Z,BRO,116,WAS,125,Barclays Center
913,2019-02-28T00:30:00.000Z,MIA,126,GSW,125,American Airlines Arena
914,2019-02-28T01:00:00.000Z,BOS,92,POR,97,TD Garden
915,2019-02-28T01:00:00.000Z,MEM,107,CHI,109,FedEx Forum
916,2019-02-28T01:30:00.000Z,SAS,105,DET,93,AT&T Center
917,2019-02-28T01:30:00.000Z,DAL,110,IND,101,American Airlines Center
918,2019-02-28T02:00:00.000Z,UTA,111,LAC,105,Vivint Smart Home Arena
919,2019-02-28T03:00:00.000Z,SAC,140,MIL,141,Golden 1 Center
920,2019-02-28T03:30:00.000Z,LAL,125,NOP,119,Staples Center
921,2019-03-01T00:00:00.000Z,IND,122,MIN,115,Bankers Life Fieldhouse
922,2019-03-01T00:00:00.000Z,ORL,103,GSW,96,Amway Center
923,2019-03-01T00:30:00.000Z,NYK,118,CLE,125,Madison Square Garden
924,2019-03-01T01:00:00.000Z,HOU,121,MIA,118,Toyota Center
925,2019-03-01T01:00:00.000Z,OKL,104,PHI,108,Chesapeake Energy Arena
926,2019-03-01T03:30:00.000Z,DEN,104,UTA,111,Pepsi Center
927,2019-03-02T00:30:00.000Z,ATL,161,CHI,168,State Farm Arena
928,2019-03-02T00:30:00.000Z,BRO,112,CHA,123,Barclays Center
929,2019-03-02T01:00:00.000Z,TOR,119,POR,117,Scotiabank Arena
930,2019-03-02T01:00:00.000Z,BOS,107,WAS,96,TD Garden
931,2019-03-02T02:00:00.000Z,PHX,116,NOP,130,Talking Stick Resort Arena
932,2019-03-02T03:00:00.000Z,SAC,109,LAC,116,Golden 1 Center
933,2019-03-02T03:30:00.000Z,LAL,120,MIL,131,Staples Center
934,2019-03-02T22:00:00.000Z,CLE,93,DET,129,Quicken Loans Arena
935,2019-03-03T00:00:00.000Z,IND,112,ORL,117,Bankers Life Fieldhouse
936,2019-03-03T00:30:00.000Z,MIA,117,BRO,88,American Airlines Arena
937,2019-03-03T01:30:00.000Z,PHI,117,GSW,120,Wells Fargo Center
938,2019-03-03T01:30:00.000Z,DAL,81,MEM,111,American Airlines Center
939,2019-03-03T01:30:00.000Z,SAS,116,OKL,102,AT&T Center
940,2019-03-03T02:00:00.000Z,DEN,112,NOP,120,Pepsi Center
941,2019-03-03T02:00:00.000Z,PHX,118,LAL,109,Talking Stick Resort Arena
942,2019-03-03T02:00:00.000Z,UTA,115,MIL,111,Vivint Smart Home Arena
943,2019-03-03T18:00:00.000Z,CHA,108,POR,118,Spectrum Center
944,2019-03-03T20:30:00.000Z,BOS,104,HOU,115,TD Garden
945,2019-03-03T20:30:00.000Z,CHI,118,ATL,123,United Center
946,2019-03-03T20:30:00.000Z,LAC,128,NYK,107,Staples Center
947,2019-03-03T23:00:00.000Z,CLE,107,ORL,93,Quicken Loans Arena
948,2019-03-03T23:00:00.000Z,DET,112,TOR,107,Little Caesars Arena
949,2019-03-03T23:00:00.000Z,WAS,135,MIN,121,Capital One Arena
950,2019-03-04T00:00:00.000Z,OKL,99,MEM,95,Chesapeake Energy Arena
951,2019-03-05T00:30:00.000Z,BRO,127,DAL,88,Barclays Center
952,2019-03-05T00:30:00.000Z,MIA,114,ATL,113,American Airlines Arena
953,2019-03-05T01:30:00.000Z,SAS,104,DEN,103,AT&T Center
954,2019-03-05T02:00:00.000Z,PHX,114,MIL,105,Talking Stick Resort Arena
955,2019-03-05T02:00:00.000Z,UTA,112,NOP,115,Vivint Smart Home Arena
956,2019-03-05T03:00:00.000Z,SAC,115,NYK,108,Golden 1 Center
957,2019-03-05T03:30:00.000Z,LAL,105,LAC,113,Staples Center
958,2019-03-06T00:00:00.000Z,IND,105,CHI,96,Bankers Life Fieldhouse
959,2019-03-06T00:00:00.000Z,PHI,114,ORL,106,Wells Fargo Center
960,2019-03-06T01:00:00.000Z,TOR,95,HOU,107,Scotiabank Arena
961,2019-03-06T01:00:00.000Z,MEM,120,POR,111,FedEx Forum
962,2019-03-06T01:00:00.000Z,MIN,131,OKL,120,Target Center
963,2019-03-06T03:30:00.000Z,GSW,95,BOS,128,Oracle Arena
964,2019-03-07T00:00:00.000Z,CHA,84,MIA,91,Spectrum Center
965,2019-03-07T00:00:00.000Z,DET,131,MIN,114,Little Caesars Arena
966,2019-03-07T00:00:00.000Z,WAS,132,DAL,123,Capital One Arena
967,2019-03-07T00:30:00.000Z,ATL,104,SAS,111,State Farm Arena
968,2019-03-07T00:30:00.000Z,BRO,113,CLE,107,Barclays Center
969,2019-03-07T01:00:00.000Z,CHI,108,PHI,107,United Center
970,2019-03-07T01:00:00.000Z,NOP,104,UTA,114,Smoothie King Center
971,2019-03-07T02:00:00.000Z,PHX,107,NYK,96,Talking Stick Resort Arena
972,2019-03-07T03:00:00.000Z,SAC,109,BOS,111,Golden 1 Center
973,2019-03-07T03:30:00.000Z,LAL,99,DEN,115,Staples Center
974,2019-03-08T01:00:00.000Z,MIL,117,IND,98,Fiserv Forum
975,2019-03-08T03:30:00.000Z,POR,121,OKL,129,Moda Center
976,2019-03-09T00:00:00.000Z,CHA,112,WAS,111,Spectrum Center
977,2019-03-09T00:00:00.000Z,ORL,111,DAL,106,Amway Center
978,2019-03-09T01:00:00.000Z,MIA,126,CLE,110,American Airlines Arena
979,2019-03-09T01:00:00.000Z,CHI,104,DET,112,United Center
980,2019-03-09T01:00:00.000Z,HOU,107,PHI,91,Toyota Center
981,2019-03-09T01:00:00.000Z,MEM,114,UTA,104,FedEx Forum
982,2019-03-09T01:00:00.000Z,NOP,104,TOR,127,Smoothie King Center
983,2019-03-09T03:30:00.000Z,GSW,122,DEN,105,Oracle Arena
984,2019-03-09T03:30:00.000Z,LAC,118,OKL,110,Staples Center
985,2019-03-09T17:00:00.000Z,NYK,94,SAC,102,Madison Square Garden
986,2019-03-10T00:00:00.000Z,ATL,112,BRO,114,State Farm Arena
987,2019-03-10T01:00:00.000Z,MIN,135,WAS,130,Target Center
988,2019-03-10T01:30:00.000Z,LAL,107,BOS,120,Staples Center
989,2019-03-10T02:00:00.000Z,MIL,131,CHA,114,Fiserv Forum
990,2019-03-10T03:00:00.000Z,POR,127,PHX,120,Moda Center
991,2019-03-10T16:00:00.000Z,DET,131,CHI,108,Little Caesars Arena
992,2019-03-10T19:30:00.000Z,MIA,104,TOR,125,American Airlines Arena
993,2019-03-10T19:30:00.000Z,PHI,106,IND,89,Wells Fargo Center
994,2019-03-10T22:00:00.000Z,ATL,128,NOP,116,State Farm Arena
995,2019-03-10T22:00:00.000Z,MEM,105,ORL,97,FedEx Forum
996,2019-03-10T23:00:00.000Z,DAL,93,HOU,94,American Airlines Center
997,2019-03-11T00:00:00.000Z,MIN,103,NYK,92,Target Center
998,2019-03-11T00:00:00.000Z,SAS,121,MIL,114,AT&T Center
999,2019-03-11T00:30:00.000Z,GSW,111,PHX,115,Oracle Arena
1000,2019-03-11T23:00:00.000Z,CLE,126,TOR,101,Quicken Loans Arena
1001,2019-03-11T23:00:00.000Z,WAS,121,SAC,115,Capital One Arena
1002,2019-03-11T23:30:00.000Z,BRO,103,DET,75,Barclays Center
1003,2019-03-12T00:00:00.000Z,HOU,118,CHA,106,Toyota Center
1004,2019-03-12T01:00:00.000Z,UTA,89,OKL,98,Vivint Smart Home Arena
1005,2019-03-12T02:30:00.000Z,LAC,140,BOS,115,Staples Center
1006,2019-03-12T23:00:00.000Z,IND,103,NYK,98,Bankers Life Fieldhouse
1007,2019-03-12T23:00:00.000Z,PHI,106,CLE,99,Wells Fargo Center
1008,2019-03-13T00:00:00.000Z,CHI,107,LAL,123,United Center
1009,2019-03-13T00:00:00.000Z,NOP,113,MIL,130,Smoothie King Center
1010,2019-03-13T00:00:00.000Z,DAL,105,SAS,112,American Airlines Center
1011,2019-03-13T02:30:00.000Z,DEN,133,MIN,107,Pepsi Center
1012,2019-03-13T02:30:00.000Z,LAC,104,POR,125,Staples Center
1013,2019-03-13T23:00:00.000Z,WAS,100,ORL,90,Capital One Arena
1014,2019-03-13T23:00:00.000Z,OKL,108,BRO,96,Chesapeake Energy Arena
1015,2019-03-13T23:30:00.000Z,MIA,108,DET,74,American Airlines Arena
1016,2019-03-13T23:30:00.000Z,ATL,132,MEM,111,State Farm Arena
1017,2019-03-14T01:30:00.000Z,HOU,104,GSW,106,Toyota Center
1018,2019-03-14T02:00:00.000Z,PHX,97,UTA,114,Talking Stick Resort Arena
1019,2019-03-14T23:00:00.000Z,IND,108,OKL,106,Bankers Life Fieldhouse
1020,2019-03-14T23:00:00.000Z,ORL,120,CLE,91,Amway Center
1021,2019-03-14T23:30:00.000Z,BOS,126,SAC,120,TD Garden
1022,2019-03-15T00:00:00.000Z,TOR,111,LAL,98,Scotiabank Arena
1023,2019-03-15T01:00:00.000Z,UTA,120,MIN,100,Vivint Smart Home Arena
1024,2019-03-15T02:30:00.000Z,DEN,100,DAL,99,Pepsi Center
1025,2019-03-15T23:00:00.000Z,DET,111,LAL,97,Little Caesars Arena
1026,2019-03-15T23:00:00.000Z,PHI,123,SAC,114,Wells Fargo Center
1027,2019-03-15T23:00:00.000Z,WAS,110,CHA,116,Capital One Arena
1028,2019-03-16T00:00:00.000Z,MIA,98,MIL,113,American Airlines Arena
1029,2019-03-16T00:00:00.000Z,HOU,108,PHX,102,Toyota Center
1030,2019-03-16T00:00:00.000Z,NOP,110,POR,122,Smoothie King Center
1031,2019-03-16T00:30:00.000Z,SAS,109,NYK,83,AT&T Center
1032,2019-03-16T02:30:00.000Z,LAC,128,CHI,121,Staples Center
1033,2019-03-16T16:30:00.000Z,BOS,129,ATL,120,TD Garden
1034,2019-03-16T23:00:00.000Z,WAS,135,MEM,128,Capital One Arena
1035,2019-03-16T23:00:00.000Z,NOP,136,PHX,138,Smoothie King Center
1036,2019-03-17T00:30:00.000Z,DAL,121,CLE,116,American Airlines Center
1037,2019-03-17T00:30:00.000Z,OKL,88,GSW,110,Chesapeake Energy Arena
1038,2019-03-17T00:30:00.000Z,SAS,108,POR,103,AT&T Center
1039,2019-03-17T01:00:00.000Z,DEN,102,IND,100,Pepsi Center
1040,2019-03-17T01:00:00.000Z,UTA,114,BRO,98,Vivint Smart Home Arena
1041,2019-03-17T16:00:00.000Z,NYK,124,LAL,123,Madison Square Garden
1042,2019-03-17T17:00:00.000Z,MIA,93,CHA,75,American Airlines Arena
1043,2019-03-17T19:30:00.000Z,MIL,125,PHI,130,Fiserv Forum
1044,2019-03-17T20:00:00.000Z,DET,110,TOR,107,Little Caesars Arena
1045,2019-03-17T22:00:00.000Z,ORL,101,ATL,91,Amway Center
1046,2019-03-17T22:00:00.000Z,SAC,129,CHI,102,Golden 1 Center
1047,2019-03-18T01:00:00.000Z,HOU,117,MIN,102,Toyota Center
1048,2019-03-18T01:00:00.000Z,LAC,119,BRO,116,Staples Center
1049,2019-03-18T23:00:00.000Z,CLE,126,DET,119,Quicken Loans Arena
1050,2019-03-18T23:00:00.000Z,WAS,95,UTA,116,Capital One Arena
1051,2019-03-18T23:30:00.000Z,BOS,105,DEN,114,TD Garden
1052,2019-03-18T23:30:00.000Z,TOR,128,NYK,92,Scotiabank Arena
1053,2019-03-19T00:00:00.000Z,OKL,107,MIA,116,Chesapeake Energy Arena
1054,2019-03-19T00:00:00.000Z,SAS,111,GSW,105,AT&T Center
1055,2019-03-19T00:30:00.000Z,DAL,125,NOP,129,American Airlines Center
1056,2019-03-19T02:00:00.000Z,PHX,101,CHI,116,Talking Stick Resort Arena
1057,2019-03-19T02:30:00.000Z,POR,106,IND,98,Moda Center
1058,2019-03-19T23:00:00.000Z,CHA,114,PHI,118,Spectrum Center
1059,2019-03-19T23:30:00.000Z,ATL,105,HOU,121,State Farm Arena
1060,2019-03-20T00:00:00.000Z,MIL,115,LAL,101,Fiserv Forum
1061,2019-03-20T00:00:00.000Z,MIN,107,GSW,117,Target Center
1062,2019-03-20T02:00:00.000Z,SAC,121,BRO,123,Golden 1 Center
1063,2019-03-20T02:30:00.000Z,LAC,115,IND,109,Staples Center
1064,2019-03-20T23:00:00.000Z,CLE,107,MIL,102,Quicken Loans Arena
1065,2019-03-20T23:00:00.000Z,ORL,119,NOP,96,Amway Center
1066,2019-03-20T23:00:00.000Z,PHI,118,BOS,115,Wells Fargo Center
1067,2019-03-20T23:30:00.000Z,NYK,116,UTA,137,Madison Square Garden
1068,2019-03-21T00:00:00.000Z,CHI,126,WAS,120,United Center
1069,2019-03-21T00:00:00.000Z,MEM,126,HOU,125,FedEx Forum
1070,2019-03-21T00:30:00.000Z,SAS,105,MIA,110,AT&T Center
1071,2019-03-21T01:30:00.000Z,OKL,114,TOR,123,Chesapeake Energy Arena
1072,2019-03-21T02:00:00.000Z,POR,126,DAL,118,Moda Center
1073,2019-03-21T23:00:00.000Z,CHA,113,MIN,106,Spectrum Center
1074,2019-03-21T23:00:00.000Z,WAS,108,DEN,113,Capital One Arena
1075,2019-03-21T23:30:00.000Z,ATL,117,UTA,114,State Farm Arena
1076,2019-03-22T02:00:00.000Z,PHX,98,DET,118,Talking Stick Resort Arena
1077,2019-03-22T02:00:00.000Z,SAC,116,DAL,100,Golden 1 Center
1078,2019-03-22T02:30:00.000Z,GSW,112,IND,89,Oracle Arena
1079,2019-03-22T23:00:00.000Z,ORL,123,MEM,119,Amway Center
1080,2019-03-22T23:30:00.000Z,CLE,108,LAC,110,Quicken Loans Arena
1081,2019-03-22T23:30:00.000Z,NYK,93,DEN,111,Madison Square Garden
1082,2019-03-22T23:30:00.000Z,TOR,109,OKL,116,Scotiabank Arena
1083,2019-03-23T00:00:00.000Z,HOU,111,SAS,105,Toyota Center
1084,2019-03-23T00:30:00.000Z,MIL,116,MIA,87,Fiserv Forum
1085,2019-03-23T02:30:00.000Z,LAL,106,BRO,111,Staples Center
1086,2019-03-23T22:00:00.000Z,CHA,124,BOS,117,Spectrum Center
1087,2019-03-23T23:00:00.000Z,WAS,108,MIA,113,Capital One Arena
1088,2019-03-23T23:30:00.000Z,ATL,129,PHI,127,State Farm Arena
1089,2019-03-24T00:00:00.000Z,CHI,83,UTA,114,United Center
1090,2019-03-24T00:00:00.000Z,MEM,99,MIN,112,FedEx Forum
1091,2019-03-24T00:30:00.000Z,GSW,91,DAL,126,Oracle Arena
1092,2019-03-24T02:00:00.000Z,POR,117,DET,112,Moda Center
1093,2019-03-24T02:00:00.000Z,SAC,112,PHX,103,Golden 1 Center
1094,2019-03-24T16:00:00.000Z,NYK,113,LAC,124,Madison Square Garden
1095,2019-03-24T20:30:00.000Z,MIL,127,CLE,105,Fiserv Forum
1096,2019-03-24T21:00:00.000Z,IND,124,DEN,88,Bankers Life Fieldhouse
1097,2019-03-24T22:00:00.000Z,TOR,114,CHA,115,Scotiabank Arena
1098,2019-03-24T23:00:00.000Z,NOP,90,HOU,113,Smoothie King Center
1099,2019-03-24T23:30:00.000Z,BOS,96,SAS,115,TD Garden
1100,2019-03-25T00:30:00.000Z,GSW,121,DET,114,Oracle Arena
1101,2019-03-25T01:30:00.000Z,LAL,111,SAC,106,Staples Center
1102,2019-03-25T23:00:00.000Z,ORL,119,PHI,98,Amway Center
1103,2019-03-26T00:00:00.000Z,MEM,115,OKL,103,FedEx Forum
1104,2019-03-26T01:00:00.000Z,UTA,125,PHX,92,Vivint Smart Home Arena
1105,2019-03-26T02:00:00.000Z,POR,148,BRO,144,Moda Center
1106,2019-03-26T23:00:00.000Z,CHA,125,SAS,116,Spectrum Center
1107,2019-03-26T23:00:00.000Z,CLE,106,BOS,116,Quicken Loans Arena
1108,2019-03-26T23:30:00.000Z,MIA,99,ORL,104,American Airlines Arena
1109,2019-03-26T23:30:00.000Z,TOR,112,CHI,103,Scotiabank Arena
1110,2019-03-27T00:00:00.000Z,MIL,108,HOU,94,Fiserv Forum
1111,2019-03-27T00:00:00.000Z,MIN,111,LAC,122,Target Center
1112,2019-03-27T00:00:00.000Z,NOP,120,ATL,130,Smoothie King Center
1113,2019-03-27T00:30:00.000Z,DAL,121,SAC,125,American Airlines Center
1114,2019-03-27T01:00:00.000Z,DEN,95,DET,92,Pepsi Center
1115,2019-03-27T02:30:00.000Z,LAL,124,WAS,106,Staples Center
1116,2019-03-28T00:00:00.000Z,CHI,98,POR,118,United Center
1117,2019-03-28T00:00:00.000Z,MEM,103,GSW,118,FedEx Forum
1118,2019-03-28T00:00:00.000Z,OKL,107,IND,99,Chesapeake Energy Arena
1119,2019-03-28T02:00:00.000Z,PHX,121,WAS,124,Talking Stick Resort Arena
1120,2019-03-28T02:30:00.000Z,UTA,115,LAL,100,Vivint Smart Home Arena
1121,2019-03-28T23:00:00.000Z,DET,115,ORL,98,Little Caesars Arena
1122,2019-03-28T23:00:00.000Z,PHI,123,BRO,110,Wells Fargo Center
1123,2019-03-28T23:30:00.000Z,MIA,105,DAL,99,American Airlines Arena
1124,2019-03-28T23:30:00.000Z,NYK,92,TOR,117,Madison Square Garden
1125,2019-03-29T00:00:00.000Z,HOU,112,DEN,85,Toyota Center
1126,2019-03-29T00:00:00.000Z,MIL,128,LAC,118,Fiserv Forum
1127,2019-03-29T00:00:00.000Z,NOP,121,SAC,118,Smoothie King Center
1128,2019-03-29T00:30:00.000Z,SAS,116,CLE,110,AT&T Center
1129,2019-03-29T23:00:00.000Z,BOS,114,IND,112,TD Garden
1130,2019-03-29T23:30:00.000Z,ATL,98,POR,118,State Farm Arena
1131,2019-03-30T00:00:00.000Z,MIN,131,GSW,130,Target Center
1132,2019-03-30T00:00:00.000Z,OKL,105,DEN,115,Chesapeake Energy Arena
1133,2019-03-30T01:00:00.000Z,UTA,128,WAS,124,Vivint Smart Home Arena
1134,2019-03-30T02:30:00.000Z,LAL,129,CHA,115,Staples Center
1135,2019-03-30T19:30:00.000Z,LAC,132,CLE,108,Staples Center
1136,2019-03-30T22:00:00.000Z,BRO,110,BOS,96,Barclays Center
1137,2019-03-30T22:00:00.000Z,HOU,119,SAC,108,Toyota Center
1138,2019-03-30T23:00:00.000Z,DET,99,POR,90,Little Caesars Arena
1139,2019-03-30T23:00:00.000Z,IND,116,ORL,121,Bankers Life Fieldhouse
1140,2019-03-30T23:30:00.000Z,NYK,92,MIA,100,Madison Square Garden
1141,2019-03-31T00:00:00.000Z,CHI,101,TOR,124,United Center
1142,2019-03-31T00:00:00.000Z,MIN,109,PHI,118,Target Center
1143,2019-03-31T02:00:00.000Z,PHX,115,MEM,120,Talking Stick Resort Arena
1144,2019-03-31T16:30:00.000Z,ATL,136,MIL,135,State Farm Arena
1145,2019-03-31T19:30:00.000Z,OKL,103,DAL,106,Chesapeake Energy Arena
1146,2019-03-31T22:00:00.000Z,NOP,102,LAL,130,Smoothie King Center
1147,2019-03-31T23:00:00.000Z,SAS,106,SAC,113,AT&T Center
1148,2019-04-01T00:00:00.000Z,DEN,90,WAS,95,Pepsi Center
1149,2019-04-01T00:30:00.000Z,GSW,137,CHA,90,Oracle Arena
1150,2019-04-01T02:30:00.000Z,LAC,113,MEM,96,Staples Center
1151,2019-04-01T23:00:00.000Z,IND,111,DET,102,Bankers Life Fieldhouse
1152,2019-04-01T23:30:00.000Z,BOS,110,MIA,105,TD Garden
1153,2019-04-01T23:30:00.000Z,BRO,121,MIL,131,Barclays Center
1154,2019-04-01T23:30:00.000Z,NYK,113,CHI,105,Madison Square Garden
1155,2019-04-01T23:30:00.000Z,TOR,121,ORL,109,Scotiabank Arena
1156,2019-04-02T00:00:00.000Z,MIN,122,POR,132,Target Center
1157,2019-04-02T00:30:00.000Z,DAL,122,PHI,102,American Airlines Center
1158,2019-04-02T01:00:00.000Z,UTA,111,CHA,102,Vivint Smart Home Arena
1159,2019-04-02T02:00:00.000Z,PHX,122,CLE,113,Talking Stick Resort Arena
1160,2019-04-03T00:00:00.000Z,OKL,119,LAL,103,Chesapeake Energy Arena
1161,2019-04-03T00:30:00.000Z,SAS,117,ATL,111,AT&T Center
1162,2019-04-03T02:00:00.000Z,SAC,105,HOU,130,Golden 1 Center
1163,2019-04-03T02:30:00.000Z,GSW,116,DEN,102,Oracle Arena
1164,2019-04-03T23:00:00.000Z,DET,89,IND,108,Little Caesars Arena
1165,2019-04-03T23:00:00.000Z,ORL,114,NYK,100,Amway Center
1166,2019-04-03T23:00:00.000Z,WAS,114,CHI,115,Capital One Arena
1167,2019-04-03T23:30:00.000Z,ATL,130,PHI,122,State Farm Arena
1168,2019-04-03T23:30:00.000Z,BRO,105,TOR,115,Barclays Center
1169,2019-04-03T23:30:00.000Z,MIA,102,BOS,112,American Airlines Arena
1170,2019-04-04T00:00:00.000Z,NOP,109,CHA,115,Smoothie King Center
1171,2019-04-04T00:30:00.000Z,DAL,108,MIN,110,American Airlines Center
1172,2019-04-04T01:00:00.000Z,DEN,113,SAS,85,Pepsi Center
1173,2019-04-04T02:00:00.000Z,PHX,97,UTA,118,Talking Stick Resort Arena
1174,2019-04-04T02:00:00.000Z,POR,116,MEM,89,Moda Center
1175,2019-04-04T02:30:00.000Z,LAC,103,HOU,135,Staples Center
1176,2019-04-05T00:00:00.000Z,PHI,122,MIL,128,Wells Fargo Center
1177,2019-04-05T02:00:00.000Z,SAC,117,CLE,104,Golden 1 Center
1178,2019-04-05T02:30:00.000Z,LAL,90,GSW,108,Staples Center
1179,2019-04-05T23:00:00.000Z,CHA,113,TOR,111,Spectrum Center
1180,2019-04-05T23:00:00.000Z,ORL,149,ATL,113,Amway Center
1181,2019-04-05T23:00:00.000Z,WAS,112,SAS,129,Capital One Arena
1182,2019-04-06T00:00:00.000Z,IND,97,BOS,117,Bankers Life Fieldhouse
1183,2019-04-06T00:00:00.000Z,HOU,120,NYK,96,Toyota Center
1184,2019-04-06T00:00:00.000Z,MIN,111,MIA,109,Target Center
1185,2019-04-06T00:00:00.000Z,OKL,123,DET,110,Chesapeake Energy Arena
1186,2019-04-06T00:30:00.000Z,DAL,112,MEM,122,American Airlines Center
1187,2019-04-06T01:00:00.000Z,UTA,119,SAC,98,Vivint Smart Home Arena
1188,2019-04-06T02:00:00.000Z,PHX,133,NOP,126,Talking Stick Resort Arena
1189,2019-04-06T02:30:00.000Z,DEN,119,POR,110,Pepsi Center
1190,2019-04-06T02:30:00.000Z,GSW,120,CLE,114,Oracle Arena
1191,2019-04-06T02:30:00.000Z,LAC,117,LAL,122,Staples Center
1192,2019-04-06T21:00:00.000Z,MIL,128,BRO,133,Fiserv Forum
1193,2019-04-07T00:00:00.000Z,CHI,96,PHI,116,United Center
1194,2019-04-07T16:00:00.000Z,TOR,117,MIA,109,Scotiabank Arena
1195,2019-04-07T19:00:00.000Z,CLE,90,SAS,112,Quicken Loans Arena
1196,2019-04-07T19:30:00.000Z,MIN,126,OKL,132,Target Center
1197,2019-04-07T20:00:00.000Z,DET,91,CHA,104,Little Caesars Arena
1198,2019-04-07T21:00:00.000Z,IND,96,BRO,108,Bankers Life Fieldhouse
1199,2019-04-07T22:00:00.000Z,MEM,127,DAL,129,FedEx Forum
1200,2019-04-07T23:00:00.000Z,MIL,115,ATL,107,Fiserv Forum
1201,2019-04-07T23:00:00.000Z,HOU,149,PHX,113,Toyota Center
1202,2019-04-07T23:30:00.000Z,BOS,108,ORL,116,TD Garden
1203,2019-04-07T23:30:00.000Z,NYK,113,WAS,110,Madison Square Garden
1204,2019-04-08T00:30:00.000Z,GSW,131,LAC,104,Oracle Arena
1205,2019-04-08T01:00:00.000Z,POR,115,DEN,108,Moda Center
1206,2019-04-08T01:00:00.000Z,SAC,129,NOP,133,Golden 1 Center
1207,2019-04-08T01:30:00.000Z,LAL,113,UTA,109,Staples Center
1208,2019-04-09T23:00:00.000Z,CLE,97,CHA,124,Quicken Loans Arena
1209,2019-04-09T23:00:00.000Z,DET,100,MEM,93,Little Caesars Arena
1210,2019-04-09T23:00:00.000Z,WAS,110,BOS,116,Capital One Arena
1211,2019-04-09T23:30:00.000Z,MIA,122,PHI,99,American Airlines Arena
1212,2019-04-10T00:00:00.000Z,CHI,86,NYK,96,United Center
1213,2019-04-10T00:00:00.000Z,MIN,100,TOR,120,Target Center
1214,2019-04-10T00:00:00.000Z,NOP,103,GSW,112,Smoothie King Center
1215,2019-04-10T00:30:00.000Z,DAL,120,PHX,109,American Airlines Center
1216,2019-04-10T01:00:00.000Z,UTA,118,DEN,108,Vivint Smart Home Arena
1217,2019-04-10T01:30:00.000Z,OKL,112,HOU,111,Chesapeake Energy Arena
1218,2019-04-10T02:30:00.000Z,LAL,101,POR,104,Staples Center
1219,2019-04-11T00:00:00.000Z,ATL,134,IND,135,State Farm Arena
1220,2019-04-11T00:00:00.000Z,BRO,113,MIA,94,Barclays Center
1221,2019-04-11T00:00:00.000Z,CHA,114,ORL,122,Spectrum Center
1222,2019-04-11T00:00:00.000Z,NYK,89,DET,115,Madison Square Garden
1223,2019-04-11T00:00:00.000Z,PHI,125,CHI,109,Wells Fargo Center
1224,2019-04-11T00:00:00.000Z,MEM,132,GSW,117,FedEx Forum
1225,2019-04-11T00:00:00.000Z,MIL,116,OKL,127,Fiserv Forum
1226,2019-04-11T00:00:00.000Z,SAS,105,DAL,94,AT&T Center
1227,2019-04-11T02:30:00.000Z,DEN,99,MIN,95,Pepsi Center
1228,2019-04-11T02:30:00.000Z,LAC,143,UTA,137,Staples Center
1229,2019-04-11T02:30:00.000Z,POR,136,SAC,131,Moda Center
